id,token
3292,cancel
1756,prepare
3522,korean|char|width
1104,open|blob|urls
4751,x|label|format
2674,upload
2876,interacting
3672,shader|depth
549,sidebar|view
2428,mip|level|count
65,pick
1824,move|left
3109,line|string|batch
1311,x|tick|amount
1442,project|name
3533,line|for|row
4104,get|count
111,feature|change|keys
38,!
1088,#
4458,solid
1036,$
990,%
64,&
2270,tex
3629,clustered|local|shadows
1,(
12,)
219,set|line|dash
2050,render|asset
2383,lose|context
181,*
1806,require
177,+
19,-
711,click
20,.
179,/
2180,candidate|line|width
211,size
1528,left
4821,right|pad
4205,text|offset|y
53,:
14,;
1162,renderprocessgone
59,<
11,=
185,>
2813,update|size
33,?
292,text|align
1012,object
1237,ifdef
3488,role
286,background|fill
4989,current|millisecond
658,static|draw
4503,get|interim|tile
1502,handle|download
1147,result
1535,query|selector|all
3525,comment|end|string
2215,bodystate|disable|deactivation
2389,webgpu|debug
3740,merged|code
2653,block|size
2957,multi|polygon
4356,new|tiles
4517,next|extent
15,[
3643,after
4,]
4005,z|origin
1640,get|time|stamp
786,rebuild
272,a
4273,component|not|found
83,ariaexpanded
1420,b
538,c
1196,prev|xy
525,d
106,e
493,cfg
2483,to|padding
4954,f
1445,g
3470,zero|width|nbsp
4123,h
9,i
808,j
3361,k
5018,get|val|by|series|index
250,l
2560,m
3602,n
248,p
2982,the
521,r
578,s
1395,t
389,throw
3865,u
1800,v
357,w
152,x
3313,is|reversed
151,y
3190,primitive|tristrip
1748,z
1891,infinity
2340,alpha|dst|factor
3,{
2203,set|value
2731,|
2,}
3910,~
1333,find|clip
660,quantized|positions
1546,selection|rect
1848,update|title
2670,remove|invalid
4038,temp|vertex|coord
366,resolve
2697,tile|loading
2064,resolver|cache
4676,prev|sector|angle|arr
1664,node|pool
4788,apexchartsyaxistitletext
4476,empty
4035,squared|pixel|distance
2238,intersection
1505,export
2887,next|char
3062,create|framebuffer
1114,resource|path
2258,lighttype|spot
3778,draw|grid
3990,get|flat|coordinates
3783,caret|size
4629,base|url
510,portion|id
1211,stylesheet|dir|path
1798,updated|synchronously
2121,new|attributes
5065,tt|items
3922,draw|image
4833,skip|last|timelinelabel
2141,script|instance
5011,y|lb|title|formatter
4388,vec|env|map|color|=
718,resetlayers
6,first|source
3178,mesh|instances|left|a
3172,mesh|instances|left|b
3952,lenj
628,uniform|f
490,donut|data|labels
818,get|open|sections
3652,find|topmost|sibling
3744,shadow|matrix
1549,root
2967,folders|to|add|to|project
2991,texture|grab|pass
1507,exprt
2223,tile|res
21,projection
2008,h|align
938,scoped|settings|store
998,u|point|size
4889,offy
1818,arc|length|divisions
3527,min|indent|level
4500,enqueue|tiles
3074,existing|window
2918,max|vertex|textures
1849,on|did|change|window|title
2775,element|desc
163,uniform|i
379,block|hash|change
4526,scene|model|matrix
1168,apexchartslegendtext
338,has|own|property
3664,define|morphing|pos
3385,vertex|iterator
4783,tick|amount
1557,enable|bundles
1581,sortmode|none
4441,get|source|tiles
5053,series|all
2269,atlas
4076,add|meridian
1998,add|elements
2346,alpha|src|factor
1927,screen|culled
2609,footer|font
4836,fill|color
1414,order
2580,update|cpu|skin|matrices
3373,get|format
2909,byte
2822,find|msg
2881,target|height
2854,draw|canvas|layer|on|interacting
1050,attrs
1123,need|finish|snapshot
3207,root|node
4251,interior|points
631,x|anno|coord
1262,transparency
323,cmd
476,print|data|labels|inner
374,hash
4408,get|features|in|extent
3469,get|soft|wrap|column
3891,vector|layer
1249,traceid
4289,prev|polygon|ends
2068,force|activation|state
2524,delta|y
2408,anisotropy
1617,save
2729,dds|pixelflags|rgba
2276,inner|offset
3928,instantiate
2206,ammo|transform
2305,cameras
2684,all|tiles
644,top
2366,listens
3607,psys|vert|count
757,get|active|packages
3697,tick|width
4803,cnf
3392,handle|mouse|drag|until|mouse|up
3630,new|start
4111,get|for|view|and|size
3061,max|render|buffer|size
3573,quat
4557,cd|src
3180,scale|sign
4079,max|lat
2933,gl|clear|flag
314,retire|image
1405,anim|blend
3332,attenuation|distance
4080,cnt
681,animation|id
1427,min|month
1258,cutout|image|data
3287,returned|promise
13,get|projection
2161,quad
3853,last|id
426,disable
2324,reverse|pixels
1542,constraint
94,on|remove
2791,markers
291,get|justify
2288,max|retries
2541,col
2329,user|max
4245,line|chunk
2496,container|offset
512,roughness|value
4343,tile|resolution
906,function
364,set|hash
4985,disable|zoom|out
4466,get|sources
4069,lat
608,buffer|data
3593,comparison
2826,ring|parsers
1424,determine|days|of|year
2394,pitched
1209,less
4025,segments|by|feature
3090,max|extent
2576,bake|internal
4829,svg|width
676,redraw
4047,get|snapshot
1466,condition
4299,rings|count
1708,shadow|renderer
2093,child|idx
2542,get|rtl|adapter
3120,mip|object
4714,get|stroke|width
1092,try
2280,num|meta
2088,child|idy
2476,is|place|holder|texture
1310,series|xvalues
1510,attenuation
2612,footer
1477,is|equal
3536,end|line|length
2569,num|virtual|lights
2944,auto|pan|id
3380,pos|element
3733,cross|align
2864,read|wkb|header
5035,tooltip|title
728,silhouette|xrayed
4665,initial|angle
4847,fill|colors
742,floor
4873,adjust|command
973,observe|scoped|key|path
4043,direction
3942,ignore|next|single|click
2465,get|absolute|url
2101,child|y
5069,get|el|grid
2004,is|function|definition
3405,label|fn
2847,updated|ids
3868,to|fixed
1569,bundle|registry
1873,fn|force|finalize|layer
4077,valid|extent|p
1375,format|dates
946,make|value|conform|to|schema
746,reload|button
3053,gl|msaa|depth|buffer
3351,normal|map
4620,size|by|w
1217,css
1503,csv
3546,is|finite
4789,apexchartsyaxis
2211,set|angular|factor
2817,case|sensitive
683,request|animation|frame
4504,interim|tile
1243,defines
2994,impl
4883,radial
3031,get|value|at|key|path
4822,lg|right|rect|width
47,len
2710,index|buffer
2973,stats
3939,create|or|update|vertex|feature
2297,pcpickerprepare|now|takes|pccamera|component|as|first|argument|passing|pccamera|is|deprecated
4002,transform|positions
24,let
199,state
842,text|layer
3632,build|frame|graph
4719,dash|array
146,element
2370,only|visible|geometry|events
1520,tt|ctx
396,ctx
933,ensure|page|view|visible
1980,cached|meta
4778,opposite
773,pack
435,labels
929,previous|page|number
432,font|family
2095,point|extent
4480,repeat|wrapping
3496,background|work|handle
2947,anim
462,items
3667,morph|pos
582,mouse|scroll|delta
1167,quick|js|sandbox
4793,xy|ratios
424,renderer
2811,collapsed
455,document
4267,sub|idr
1386,resolve|path
4478,clamp|to|edge|wrapping
1887,is|number
4881,cur|cmd
4260,old|component
3124,gpu|size
4787,el|y|axis|title|text
1858,injection|markers
1259,cutout
3841,a|valid|destination
2454,visibilitychange
3737,tick|text|align
1712,pick|depth|renderer
2251,tile|size
4962,#|ffb
203,snap|pick|origin
3225,clear|color
2304,clear|depth|buffer
1974,lhs
3651,get|active|item|index
3141,loaded|promise
2812,reset|extent
1994,dataset
4380,vec|gamma|to|linear|in|vec|value|{
2321,margins
633,anno
859,composite|disposable
3173,skip|translucent|aabb
5075,has|markers
1403,clips
556,current|outline|item|all|pages|have|not|been|loaded
1767,on|marker|drag|end
3888,geometry|function
406,source
4644,offset|origin
4920,range|area
2341,blendequation|add
1641,new|assets
503,roughness
4605,bias
5051,tooltip|y
3535,end|col
3170,stencil
3947,group|items
446,remove|symbolizers
1594,resource|handler
3668,set|map|transform
2352,actual
5002,tooltip|util
1221,clear|previous|paths
4427,builder|state
2902,uniform|value
3159,test|aabb
2528,shift|key
4800,box|candlestick
4021,r|bush
2046,to|sort
363,page
3750,outer|cone|angle
2246,lt|tile
725,thumbs
562,current|page|number
4625,supports|listed|sizes
4907,ancillary|collapsed|series
986,pick|proj|matrix
1181,log|tick
2533,moz|movement|x
2532,meta|key
2529,moz|movement|y
3963,do|action
2709,min|pos
4660,set|zoom
3242,texture|index|float
3661,uniform|mat|matrix|view
566,webkit|request|fullscreen
3343,material|sheen|gloss
3487,selections|marker|layer
4971,hours
2415,old|resources
3338,material|alpha|fade
2038,center
1232,start
5061,tooltip|x
1046,inner|element
2730,dds|header|size
2023,has|depth|layer
1812,screen|line|for|screen|row
1154,headless
340,linear|find|nearest
3171,func
4651,a|defined|and|nonempty|src|or|image|must|be|provided
4841,default|color
1674,lines|tile|component
1940,vec|view|position|=|view|matrix|*|world|position
2819,find|next|button
4930,funnel
2471,standard|material|texture|parameters
388,draw|tool
276,vec|clip|pos|=|proj|matrix|*|view|position
2739,dds|caps|cubemap
4952,c|f
4514,preload
2688,loading|count
2712,vertex|buffer
1941,//|occlusion|tester|vertex|shader
254,get|sphere|extent
2452,key|down|handler
1159,destroy
2602,clip|line
1881,culled|vfc
3030,priority
4396,rendered|revision
4529,metallic
920,grid|pad|for|columns|in|numeric|axis
3622,vert|id
1202,allocate
2999,global|id
3076,add|to|last|window
3817,lit|shader|args|ps
5048,largest|size
1045,atomdocktogglebuttoninner|thispropslocation
569,notify|state|change
2508,view|points
1200,video|width
3339,cube|map
341,log
4988,default|return
3044,create|msaa|mrt|framebuffers
4081,lon
209,positions|buf
128,undefined
1207,index|stylesheet
2053,prop
3314,set|text|in|range
4310,pick|id
329,findbar|closed
1365,pane
2672,ignoring|invalid|standard|material|property|key
4487,preload|color
4774,el|yaxis
2537,column|sizes
4741,point|stroke|dash|array
1820,cache|arc|lengths
2129,clear|cache
4977,number|of|days
257,out|vec|v|color
1329,clip
1935,outlines
2037,invalid|geometry|to|add|to|layer
2735,dds|magic
132,!==
2400,paint|as|path
4624,supports|arbitrary|tiling
880,silhouette|color
714,attachments|button
1228,ifndef
1257,canvas|image|data
3232,atlas|viewport
588,marker|height
4102,get|hints
4796,combo|count
2635,float|packing
4717,shown
4177,checked
2262,visible|this|frame
774,incompatible|packages
4992,day
1031,generic|scripting
2231,get|tile|index
2646,is|four|cc
502,metallic|value
3147,has|open|files
2547,scissor|rect
2553,shadow|map|time
3528,comment|start|string
972,on|did|change|scoped|key|path
1066,format
1551,transparent|sort|mode
1792,wrap|lines
3998,canvas|width
592,get|painter
1633,uniform|bool|section|plane|active
1673,line|tiles
2317,pause
684,cancel|animation|frame
687,is|horz|line
3330,mat|tex|d
910,stacked
4602,nodata|is|na|n
2261,lighttype|omni
5041,data|points|divided|height
2600,part
4375,reflected|lightdiffuse|+=|irradiance|*|diffuse|brdf|contrib
4459,has|executors
2306,descriptors
2989,color|buffer
1804,editors
2643,mip|size
2663,num|blocks|down
1682,render|highlight|decorations
4017,set|geometry|coordinates
1000,u|intensity|range
3108,generate|render|instructions
1462,unsupported|value|for|nav|mode
2230,zoom
2259,setup|light|array
3893,geometry|layout
4058,start|point
4659,source|center
2125,interaction
1481,apexchartsmenu
4293,linear|ring
1250,stack
3275,search|in|directory
2998,depth|buffer
579,dxdy
543,path
4757,format|date
207,bind
2380,start|pixel
3204,shader|defs
4662,set|hint
1113,dev
3758,spotshadow|read|mode
3048,depth|stencil
916,data|points
218,stroke|width
3114,create|transform
2556,pass
865,section|plane|pos
351,profile
965,presentationmode
2118,duplicated|ids|map
3898,snap|tolerance
4516,find|alt|tiles
4823,lg|rect
2475,assign|cubemap
201,pick|view|matrix
3684,code|body
1811,line|text|for|screen|row
2975,needs|project|paths
2788,round|up
4685,apexchartspiearea|apexchartsthischart|typeto|lower|caseslicei
2552,bake|lights
3951,sub|menu
4848,fill|config
104,!=
1600,in|tools
477,mousedown
3411,relative
992,vao|cache
4337,uniform|float|log|depth|buf|fc
4913,el|legend|wrap
1068,unpack|alignment
3358,compare
763,page|number
2818,find|previous|button
4042,xyz|array|to|object
2405,point|container|points
1317,series|percent
4116,context|instructions
52,transparent
4023,uid
600,ui|notification|class
2089,miny
2513,minx
371,pop|state
2578,bake|node
4423,replay|extent
2573,shadow|map|rendered
3224,render|action|index
1612,object|store
1866,intersects|range
3484,mini
4798,treemap
1984,asset|id
4275,text|stroke|style
5044,set|x|crosshair|width
1227,undef
4592,load|tile
1282,right
3530,has|commented|lines
1494,screen|range
2044,geo|json
3982,hit|detection
1140,atom|application
4359,layer|extent
2367,touches
2577,node|rt
3032,without|empty|objects
197,uniform|matrix|fv
720,is|thumbnail|view|visible
4382,varying|vec|v|metallic|roughness
3609,particle|format
964,num|pages
192,dir
3218,camera|index
1815,divisions
456,div
1574,app|options
4477,tile|state
2455,unable|to|detach|keyboard|it|is|not|attached|to|an|element
1863,language|layer
4323,light|maps
1049,radius
466,has|any|nesting
928,reset|view
2164,info
3210,num|components
1033,static
1318,pad|horizontal
3756,use|iridescence
4372,float|ggx|roughness|to|blinn|exponentconst|in|float|ggx|roughness|{
3006,shader|shaderlabel|requires|texture|sampler|sampler|name|which|has|not|been|set|while|rendering|debug|graphicsto|string
4438,shared|extent
3650,finally
3725,get|x|axis|label|alignment
581,mouse|scroll|time|stamp
2657,mips
4400,vector|layer|render|order
2240,cascade|level
3412,tile|bottom
2359,propagation
1428,month
3498,default|char|width
3790,to|trbl|corners
2016,border|width
2562,clustered|lighting|enabled
3479,max|screen|line|length
948,set|raw|scoped|value
1753,get|first|visible|row
30,&&
838,set|auto|hide|menu|bar
1390,root|meta|objects
1854,on|did|change|active|themes
3900,wrap|x
1067,wrap|r
1836,get|grammar
1077,wrap|s
1074,wrap|t
3008,set|texture
599,cache|vector|on|canvas
408,back
463,level|data
604,title
1095,blob|url
1472,states
1622,world|to|real|pos
1774,shadow|layer
2045,duration
3153,leavefullscreen
1308,selection|resize|timer
2463,load
2279,insert|elements
2275,border|height|scale
3785,top|right
1082,unpack|premultiply|alpha|webgl
4256,update|stroke|style
3495,next|id
603,l|n
4029,get|view
3805,hsl|rgb
77,class|list
1188,ticks
2260,light|array
2477,get|placeholder|texture
28,length
2885,read|text
32,len|flags
4550,needs|subdivision
4390,can|wrap|x
1643,instanceof
4185,property|set|ids
985,points|material
1809,did|update|styles
4133,text|is|array
1755,set|id
3375,morph|targets
3742,append
1315,points|array
3423,old|screen|line|index
1070,convert|constant
647,tiles
1934,create|text|mesh
621,draw|elements
155,get|pixel|ratio
3881,fingerprint
3608,lock
287,text
1274,fill|series|color
2309,pitch
1920,outline|palette|map
4198,close|path
2233,tile|extent
3261,is|spot
1587,init
4376,reflection|maps
4304,casts|shadow
3254,cookie
698,draw|grid|line
2711,internal|tex
675,add|geo|to|check|res
3054,depth|attachment
1933,set|parameter
3603,descendants|of|type
2431,mip|level
3639,requires|cubemaps
4722,anim|dur
4552,center|src|error|squared
277,);
2202,angular|damping
2809,is|rendered
4811,fallback|to|category
2676,invalid
741,doc
3474,keyboard|input|enabled
4072,interval
1246,evaluate
1733,pixel|position|after|blocks|for|row
3134,get|app|name
4057,snapshot
798,status
1705,deferred|set|flags|dirty
2785,semantic
3766,vec|d|half|dir|w
311,dom
3916,canvas|area
1060,curve
3186,chunks
4621,tile|x
3383,skin
4895,m|style
913,bars|present
4584,bands
383,get|register|mode
442,yaxis
1416,targets
2145,script|component
3295,enum|type
3872,*=
2274,show|model
3184,stream
1004,deserializers
2582,forward|time
4050,y|to|z
3531,start|delimiter|column|range
1928,cull
4598,compose|tile
4782,get|y|axis|fore|color
97,map
56,++
657,mat
3214,vertices|offset
122,max
414,forward
903,secondarytoolbarreset
2219,get|extension
3815,blend|none
4196,canvas|instruction
3796,component|name
2232,tile|config
900,spreadmodechanged
1491,export|png
3558,blend|type
823,uri
100,url
2345,set|alpha|blend
3247,cookies|enabled
1889,resize|handles
2338,green|write
508,+=
1500,dolly|to|pointer|property|is|deprecated|-|replaced|with|follow|pointer
1434,current|month
2543,hitboxes
208,bind|array|buffer
2294,release|render|target
1265,put|image|data
4087,max|lines
1476,scopes
1677,screen|row
1537,get|el|bars
392,toggle|all|tree|items
2833,push|serialize|and|pop
726,pick|flag
50,vert|flag
3239,is|cookie
3152,shell|start|time
1952,observe|active|pane
1745,first|offset
3894,stop|click
3515,update|placeholder|text
1185,logs
2090,combine
5,--
3768,d|half|dir|w
4031,vertex|pixel
2392,bearing
2773,includes
1096,is|pdf|file
4334,varying|vec|v|clip|position
2178,-=
127,entries
4523,covered|by|parent
1487,el|menu
2278,update|aabb|func
103,null
1028,cleanup
2974,restored|state
1269,background
3182,lists
858,emitter
1923,mesh|info
3245,format|float
4335,attribute|vec|flags
118,feature|key
3578,shader|particle|update|on|stop
167,section|plane
2435,dst
1407,blend
1894,aspect|ratio
2910,gl|cull
172,render|flags
3274,pending|event
3461,mul|scalar
1669,decorations|to|render
1575,component|system|registry
4007,tilde
1743,entity|offsets|enabled
3202,orig|mesh|instances
284,repeat
416,prev|page
4415,u|texture|per|polygon|id|portion|ids
3967,li|id
3859,previous|width
4661,source|rotation
420,ignore|destination|zoom
449,set|styles
4471,tile|origin
1003,ortho
2548,from|camera
3454,velocity|vec
2983,directories|missing|folders|path|to|open|`
2018,curr|anim
4932,border|radius
384,get|mode
1124,end|snapshot
2755,dom|css|matrix
3298,was|reversed
1142,did|close|window
3045,depth|stencil|attachment
4468,cache|key
1402,anim|target
3353,shading|model
697,draw|line
1047,icon|element
4024,drag|segments
2003,stringify
1008,properties
1094,encode|uri|component
1775,user|select
4518,dispatch|post|compose|event
4682,dur
4582,assert|equal
959,custom|scale|option
1965,drag|on|screen|axis
1946,v|world|position|=|world|position
2860,read|feature
2070,remove|body
2285,parsing
3816,lit|options
1570,scene|registry
2100,tile|info|cache
2540,legend|hit|boxes
4628,sizes
1025,create|object|url
1844,editorfold|end|pattern
4389,texture|cubereflection|map|reflect|vec|mip|levelrgb
1354,palette
1379,plot|coords
1457,orbit
2686,curr
846,transform|origin
159,height
4818,goals
2820,casesensitivitychange
4107,loadend
3366,b|min
3556,shader|code|respawn
4574,source|tile|sizes
4594,outer
1314,series|groups
4405,rendered|extent
925,has|bar
2900,location|id
4406,wrapped|rendered|extent
4874,move|towards|length
1097,filename
3727,highest
4704,labels|config
4228,component|id
754,populate|incompatible|packages
1623,real|pos
1808,texteditorcomponent
4983,modulo
5006,get|el|tooltip
5071,captured|series
2065,shared
3932,make|css|cursor
2143,components
260,section|planes|state
1910,text|box
2063,need|context
1639,is|na|n
3199,batch|group
4470,tile|texture|cache
3788,top|left
4464,global|alpha
666,min
4904,inverse|order
4956,#|d|b|c
4535,a|src
237,get|center|d|point
4631,supports
4278,text|rotate|with|view
3524,min|blank|indent|level
137,dirty
2774,vertex|count
2081,controller
2985,stat
444,middle
1256,expression
983,make|vao
80,set|attribute
4457,get|uv|bounds
194,snap|pick|layer|number
133,ymax
404,go|back
2404,redraw|when|pitch
3238,shadows|enabled
297,get|background|fill
533,geometry
2799,symbolkey
544,get|container|extent
91,open
912,x|ratio
44,render|passes
467,bind|link
881,a|model|normal|matrix|col
2221,max|zoom
2848,pre|updated|ids
2795,altitude|cache
1689,navigator
2442,imagetotex|mipmip|level|faceface|thistexturename
3131,set|unpack|premultiply|alpha
825,project
3861,previous|decimal|count
4176,num|entities
2852,framestamp
4064,invisible|object|ids
4052,xrayed|object|ids
4302,stationary
736,max|width
1349,loop
3013,u|depth|map
4358,in|transition
3870,u|b
1790,batch|group|id
2137,script|data
3540,has|uncommented|lines
4914,is|series|null
1931,maps
3988,pixel|coordinate
1179,y|min
3688,tick|color
3874,rendered|visible
1399,look
4834,last|timescale|label
3312,suggested|indent|for|line|at|buffer|row
452,create|document|fragment
530,paths
2080,data|element|type
520,world|normal|matrix
3907,update|name
2771,data|available|capability
3059,gl|depth|buffer
2006,text|dx
1810,line|text
3049,framebuffer
1616,onerror
3241,data|float
2204,mass
3193,cast|shadow
2866,wkb|reader
4182,parent|id
4958,d|e
1279,speed
4295,ring|start|index
4070,max|lon
1533,build|vertex
1878,handle|drop
468,append|child
1951,get|active|pane
4632,reprojection|error|threshold
977,max|texture|units
3220,clear|depth
1191,nice|min
2699,placeholder
4601,mask
1985,registry
4863,target|point
1686,apply
2300,layer|cam|id
704,switch|view
4948,#|dd
3902,finish|condition
951,event|name
4648,as|array
1764,add|geometry
2868,read|projection
2961,layout
3251,add|light|data|light|proj|matrix
3752,d|vertex|normal|w
2462,material|asset
4846,pattern|units
3640,local|lights
2031,step
3924,main|canvas
1180,base
136,ymin
3584,extents|inner|ratio|uniform
4200,transform|d
4254,geometry|widths
3084,parse|path|to|open
4711,total|angle
3016,event|position
4255,get|flat|midpoint
4933,border|radius|application
1913,symbolizers
2590,gl|extent
3930,moy
1880,internal|nodes|list
3896,squared|length
3912,mox
1229,last|index
1370,highlight|class
4188,round|x
1007,val
2355,identify|at|point
3105,point|instructions
2623,build|ticks
4993,get|time|unitsfrom|timestamp
2893,left|paren
3823,texture|drgbm
4258,matching|chunk
2384,vao
1802,var
4366,tile|coord|key
4770,translate|y|axis|x
4966,#|ff
2911,line|loop
2615,footer|align
4124,text|key
5012,y|lb|formatter
1992,update|element
4085,get|wrap|x
149,math
2790,typed|array|types|byte|size
732,silhouette|selected
1242,extension
2586,texture|shader
2784,has|color
3283,submatch
289,get|text|baseline
5020,apexchartsbarseries|apexchartsseriesreli|pathjj|apexchartscandlestickseries|apexchartsseriesreli|pathjj|apexchartsbox|plotseries|apexchartsseriesreli|pathjj|apexchartsrangebarseries|apexchartsseriesreli|pathjj
620,u|opacity
2685,tiles|loading
2747,center|offset
3370,b|max
3653,get|default|location
4734,path|fill|circle
1739,margin|bottom
1879,cull|frame
1619,hide|selection|rect
3580,shader|particle|update|no|respawn
1348,total|transition|time
2266,sprite|rendermode|tiled
5047,x|axis
293,get|repeat
2343,alpha|write
3980,from|user|extent
4973,min|minute
1932,color|uniform
2555,collect|lights
1380,remove|overlapping|ts
2062,attach|context
5074,datadefaulttext
4807,box|candle|stick
1341,is|transitioning
3077,exists
4897,core|utils
4546,max|subdivision
1374,dimensions
69,<<
601,msg
769,<=
4054,real|world|offset
4126,previous|font
3862,previous|count
4226,eye|look|vec
4314,edge|material
1698,float
1966,axis
4926,get|initial|min|x|max|x
3212,shader|chunks
1621,vec
3614,num|particles
712,layers|count
3347,enable|ggx|specular
1746,offsets|buf
3873,html
1220,list|sync
1131,render|snapshot
1770,create|marker|editor
3842,is|valid|explicit|destination
144,==
4368,origin|tile|coord
332,=>
2824,case|sensitive|checkbox
2375,before|layout
344,offset
694,border|color
2106,maxy
4975,current|hour
2507,maxx
1915,get|width
3961,hide|menu
1452,hide|pivot
2376,revision
4242,is|string
2175,split|horizontal|anchors
3722,half|count
4758,is|bold
2858,get|object
16,>=
193,view|matrix
4327,v|clip|position|=|clip|pos
2035,animate|to
2414,>>
1404,blend|order
1975,mul
3206,skin|batch|instance
4804,el|graph
3263,chunk
4250,geometry|type
864,light|color
801,platform
225,get|color
5070,tooltip|position
1285,inverse|colors
945,reset|settings|for|schema|change
1283,animations
1463,data|layer|transition
2490,title|align
3813,texture|drgbe
2570,bake|light|ambient
2767,handle|mouse|move
817,missing|}>
4206,pending|stroke
4832,x|pad|right
1515,set|aabb|dirty
2545,this|camera
4450,build|edge|indices
779,async
4794,column|series
862,shadow|view|matrix
3846,expected|id
4617,size|param
2448,detach
4767,el|vertical|line
3264,stdio
4220,user|transform
547,current|outline|item
1425,year
2381,get|decimal|for|pixel
5015,goal|vals
3728,h|tick|and|padding
3880,branch
1853,themes
3726,get|pixel|for|value
4596,sample|index
572,opts
3350,refraction
1151,show|message|box
1302,max|y|arr
3729,near
4911,is|bars|distributed
1448,project|root|path
3110,generate|polygon|render|instructions
3956,last|sub|menu
1057,enable|window|specific|items
2292,update|camera
3308,non|whitespace|reg|exp
2416,face|textures
2032,is|function
2872,draw|layer|canvas|image
2378,version
699,contains
2979,folder
4652,set|scale
2134,stop
4149,selection
4167,meta|object|type
4354,clip|zs
2996,transform|feedback|buffer
719,attachmentsloaded
2021,stop|current|animation
3393,detail
196,batching|layer
1383,destroy|nodes
1030,create|scripting
3233,cast|shadows
2371,one|more|event
3015,draw|elements|instanced
4819,parse|date
2752,matrix
4084,add|parallel
1208,style|sheet|paths
2737,no|byte|array|for|mip|idx|face|face
4940,el|wrap
2800,in|current|view
822,open|sections
2267,sprite
4555,error|threshold|squared
415,go|forward
2856,is|rotating
5037,show|tooltip|title
37,highlighted
1724,element|top
4587,nodata|values
3288,process|submatch
308,get|padding
2825,find|results|count
3185,stencil|front
126,high|water|mark
2082,new|controllers
3455,num|particle|verts
1020,gety|axis|title|coords
5063,series|hover|params
1650,on|asset|changed
1516,euler|to|quaternion
2433,upload|external|image
3741,cookie|intensity
1087,append|to|foreign|object
4700,prev|angle
2058,sub|resolver
4842,img|src
3407,show|line|numbers
4190,last|fill|instruction
1536,apexchartsbarseries|apexchartscandlestickseries|apexchartsbox|plotseries|apexchartsrangebarseries
918,series|len
4532,default|compressed|color
2877,layer|canvas|limit|on|interacting
3047,renderbuffer
3000,begin|transform|feedback
3820,float|d|ao
708,layers
3128,tex|image|d
3490,soft|wrap|at|preferred|line|length
4184,meta|model|destroyed
2895,parse|polygon|text|list
1918,shadow|offset
689,el|grid|borders
3376,bone|min
1197,cur|pyramid
2316,has|audio|context
3327,is|phong
1277,shade
3596,get|range
1062,encoding
5077,els
61,flags|buf
2311,volume
939,transact
1944,marker|sprite|clipz|offset
590,get|mask
3519,update|atomic|soft|tabs
3772,value|or|default
4153,materials
102,set|url
677,geometries
3133,app|name
4980,minutes|width|on|x|axis
4414,u|texture|per|polygon|id|indices
3670,attribute|vec|morph|pos|;
789,draw|grid|band|rect
2379,decimal
2010,v|align
3137,has|path|to|open
3966,borderbottom|px|solid|black
1026,imagesvgxmlcharsetutf
3038,append|flat|point|coordinates
1631,in|float|v|frag|depth
1701,deferred|set|flags|active
2821,entirewordchange
3205,num|indices
3594,injection|range
3674,needs|normal
4129,width|height|index
4361,next|x
4092,frame|state
2622,end
2268,render|mode
4259,on|attached
1666,lines
3046,renderbuffer|storage|multisample
3222,clear|stencil|buffer
3270,aftercontext
3595,markers|to|update
3500,ratio|for|character
2386,wgpu
3491,cancel|idle|callback
3126,attempting|to|use|a|texture|that|has|been|destroyed
437,yaxis|config
1110,env
1519,text|rect
4912,apexchartshiddennullseries
958,nextpage
1423,first|tick|value
2631,shadow|type
4827,collapsed|series|indices
1819,needs|update
22,eof
3219,render|action
2299,render|composition
2841,time|limit
3715,varying|defines
4838,fill|type
352,to|json
1330,anim|evaluator
3215,skin|batch|const|vs
4696,dataangle
2007,box|symbol
2677,levels|updated
2110,mapping
3334,sphere|map
3682,vertex|colors
3021,viewport|size
2199,shape
3099,generate|point|render|instructions
5033,get|x|axis|ticks|positions
1034,on|drag|enter
1525,xaxis|tt|text|width
2228,ceil
1987,on|add|asset
3965,html|string
4181,property|set
3716,has|modified|depth
4997,apexchartstooltip
777,set|rebuild|failure|output
800,get|page|advance
4483,set|image
3523,is|soft|wrapped
1384,buffer|for|path
2749,is|zooming
1721,get|line|height
907,x|range
2940,gl|blend|function|color
1773,copy|event|listeners
2531,last|x
4888,gfrom
2521,last|y
2671,valid
1652,tile|start|row
1957,point|offset
1190,log|tick|spacing
4494,tile|source|key
2839,canvas|ids
1350,active|state|duration
2500,clip|pt
1730,pixel|top
2760,err
3503,auto|indent|on|paste
2138,script|type
4608,data|length
4194,default|padding
3482,read|only
2157,script|component|data
3673,morph|nrm
4306,original|system|id
279,get|stroke
1786,pixels|per|unit
1693,msie
1996,scale|ranges|changed
3315,preserve|leading|whitespace
1556,default|layer|immediate
1779,anchor
300,get|text
3983,closest|on|segment|data
749,etch
4349,draw|tile|image
4155,num|objects
4709,print|inner|labels
5038,tt|items|cnt
1511,constant|attenuation
2581,is|directional
540,is|nil
3401,has|multiple|cursors
4976,generate|day|scale
148,dequeue
2368,tops
3069,pid|to|kill|when|closed
1793,screen
3414,tile|top
2648,mip|width
768,pages
4970,number|of|hours
464,dispatch|event
3849,page|layout
1460,controllers
3973,squared|dist
5016,get|series|name
294,offset|y
2193,cached|data|opts
3986,layer|filter
67,new
940,settings
4270,scene|has|no|default|component|for
5062,apexchartsseriesdatalongest|seriestrue|apexchartsmarker
3371,bone|max
3568,particle|updater|respawn|ps
4384,vec|ab|=|vec|(-|.|.|)|*|a|+|rzw
511,positions
3544,end|delimiter|column|range
1564,script|registry
4318,local|matrix|dirty
4037,temp|segment
1451,basename
794,clippath
1577,init|program|library
3690,scales
2959,endss
3904,sketch|line
3333,env|atlas
5025,is|box|or|candle
4277,get|line|cap
309,offset|x
815,series|totals|x|range
2479,title|x
3360,boundary
989,u|pick|invisible
2481,title|y
3795,magenta
3955,sub|menu|width
4056,camera|up|vector
87,toggle|button
1432,current|year
2718,rt|particle|tex|out
3101,generate|line|string|render|instructions
1908,get|symbol
891,reload|callbacks
4931,around
3078,create|window
4571,source|index
4769,el|tooltip|title
1955,drag|shadow
580,get|dx|dy
753,reload
7,<E>
2689,is|loading|tile
282,background|stroke
1252,define
3890,shift|key|only
2022,asset|ids
2024,layer|id
469,render
810,missing|)>
4281,default|line|join
4981,should|not|print
2776,is|web|gpu
3923,canvas|pointerdown
702,evt
537,get|render|container|points
5034,tooltip|el
4681,path|fill
252,super
2610,to|font
3140,show|save|dialog
4117,left|right
3217,render|actions
4579,image|index
1945,vec|world|position|=|vec|position|.|);
3346,bumpiness
3436,get|first|element|for|screen|line
513,temp|vec|a
4148,temp|vec|c
568,switch|in|progress
1174,series|cnt
3441,emitter|pos
2322,grid|line|items
273,clipping
2742,key|code
4263,subs
465,shift
1254,preprocessor
3475,soft|tabs
275,.|xyz
325,update|all|pages
993,mat|size
2922,color|buffer|bit
2939,min|ext
4407,vector|layer|revision
4485,linear|filter
2289,glb|parser
2793,fixed|extent
4539,source|proj
2956,get|xml|serializer
1788,pivot
2156,on|initialize
2171,outline|thickness
4790,y|axis|scale
5060,line|area|points
242,get|prj|shell
876,u|section|planes
2217,ext
1816,cache
72,portions|idx
2535,hitbox
3439,vb|old
4999,move|x|crosshairs
2339,red|write
2632,dirty|lights|fnc
3601,existing|marker
1396,eye
1847,titlebar
1942,v|frag|depth|=|.|+|clip|posw
4164,theme|id
669,texture|set
441,font|size
4618,pct|w
1053,window|specific
4619,pct|y
994,min|intensity
3911,tool|select
1837,null|grammar
2928,func|reverse|subtract
2654,address|u
2644,address|v
4232,degtorad
403,default
3307,auto|decrease|indent
4160,surface|materials
1456,first|person
723,disabled
2120,attribute
4728,finish|radius
923,no|data
1224,hooks
2135,before|destroy
1526,min|width
4763,timestamp
487,revert|data|labels|inner
3075,add|marker
5076,series|range
2574,render|targets
5064,valid|shared|chart|types
2904,src|alpha
3977,coordinates|equal
1803,didaddeditor
2358,old|targets
3550,close|scope|ids
3443,rot|speed
1137,plugin
3871,metric
1776,absolute
2892,format|error|message
2958,new|endss
2173,color|r
2873,get|layer|image
3539,toggle|line|comments|for|buffer|rows
2836,upper|corner
849,relative|rotation
2467,textures
2806,view|extent
1681,screen|line
942,properties|for|source
3389,select|to|screen|position
4465,get|tile|size
398,get|min|y|max|y
4967,e|c
4322,pick|triangle|renderer
3863,view|state
3936,features
3529,indent|level
3959,white
1997,segment
4669,donut
1175,fire|event
1075,texture|d
3413,foldable|flags
3019,client|x
3814,lit|args|ao|=|d|ao
4824,last|label|position
1898,horizontal|anchor
517,positions|compressed
3018,client|y
1579,prerender
2607,remove|mesh|instances
2190,destroying
2526,wheel|delta
3889,freehand|condition
4679,y|pos
872,u|emissive|map
3446,get|position
4135,bitmap|data
1438,determine|remaining|days|of|year
2464,migrate
955,next
4437,get|squared|render|tolerance
2254,get|context
828,store|window|background
3917,get|icon|for|tool
35,first|flag
88,hidden
227,color
2116,string
2434,submit
4982,number|of|seconds
3504,update|auto|indent|on|paste
713,button
796,xaxis
4565,create|cluster
2373,now
615,enable|vertex|attrib
3468,soft|wrap|column
4490,nearest|mip|map|linear|filter
3804,green
4101,has|listener
1912,max|marker|width
717,outline|button
2459,data|validated
1904,a|marker|cant|be|resized|with|symbol
3526,line|length|for|row
3024,settings|loaded
4392,load|features
4599,mask|index
4169,surface|material
2469,on|cubemap|add
5068,apexchartsseries|apexchartsbararea|apexchartsseries|apexchartscandlestickarea|apexchartsseries|apexchartsbox|plotarea|apexchartsseries|apexchartsrangebararea
2628,step|size
1002,bind|texture
1144,is|spec
1101,window
552,container
1629,discard
4011,z|target
5043,t|config
140,priorities
427,logout
641,parse|float
646,rotate|around|center
320,setopacity
63,color|transparent
1663,rendered|screen|lines
51,clippable|flag
1993,get|start|and|count|of|visible|points
3717,export|r
313,dispose|image
1106,catch
2620,include|bounds
454,items|div
1877,stop|propagation
5059,add|paths|event|listeners
1234,any|keep
4391,replay|group|changed
4110,equals|extent
3085,folders|to|open
1335,state|weight
1021,d|ctx
1039,icon|get|icon|name|thispropslocation|thispropsdock|is|visible|)}`
3281,update|trailing|contexts
3903,get|default|style|function
2197,object|data
3483,should|destroy|on|file|delete
4040,closest|on|circle
339,force|render|on|moving
3751,inner|cone|angle|light
3299,indent|adjustment
4233,diag
1842,with|objects
4908,series|colors
491,portion
2647,fcc
42,flags
2816,entire|word|checkbox
2493,need|clip
5008,bar|xy
1058,enabled
4612,gain
3167,bounding|box
3272,pcre
3004,warn|once
4508,get|z|for|resolution
2641,mip|height
238,get|prj|coordinates
1734,pixel|left|for|row|and|column
2517,coords
1545,selectize
359,get|chart|area
3582,i|sort
4603,source|info
4961,#|ecdc
5001,fixed|tooltip
2829,flat|linear|ring
4436,rendering|replay|group
4871,path|string
4505,contains|key
693,grid
2589,get|shader
4113,render|event|type
2030,get|center
3981,create|extent
157,width
1750,derived|dimensions|cache
200,item|type
1876,finalize
1083,levels
1306,max|value
2446,remove|event|listener
4964,feb
1843,set|objects|visible
2364,event|to|fire
2949,showend
1508,export|to|svg
2916,uniformtype|bvec
3429,new|screen|line|components
171,frame|ctx
187,a|flags
4462,replay|types
3228,used
4262,old|attachment
3999,angle|vec
4271,scene|singleton
1653,pixel|position|before|blocks|for|row
280,overflow
888,u|shadow|proj|matrix
1850,title|element
3236,data|start
1718,margin|top
1378,inverted
2014,resolve|data|element|options
3279,directory|path
2334,color|op
3621,elem
4300,get|flat|coordinates|xy
5052,apexchartsseries
1704,sub|portion|id
60,visible
3494,selection|flash|duration
4773,apexchartsyaxistitle|apexchartsxaxistitleinversed
375,pop|state|in|progress
1401,up|curve
235,pcenter
3377,max|morph|x
78,opened
4032,squared|distance
3365,max|morph|z
4137,exceptions
4853,gradient|to|colors
2245,left|visit|end
2488,text|baseline
1754,marker
1231,keep
4112,move|start
1187,logarithmic|scale
3434,old|props
3746,add|ambient
2103,grid|extent
4099,get|tiles|loading
2099,nwy
4677,line|color|arr
4096,previous|extent
4864,path|parts
3073,win
373,ui|utils
3037,tmp|coordinate
3560,num|particles|pot
1986,waiting|assets
3808,texture|mapping
4590,source|imagery
4701,from|start|angle
598,is|hit|testing
4229,fit|fov
3467,show|indent|guide
2587,`|varying|vec|uv|;|uniform|sampler|d|color|map|void|main|void|{|gl|frag|color|=|vec|texture|dcolor|map|uv|xyz|);|}|`
1691,index|of
99,control|dom
2834,lower|corner
4994,series|bound
1548,point|size
2952,get|transform|origin
2034,extent
457,parent
4656,target|rotation
738,sidebar|min|width
1136,plugin|to|capture
1632,in|vec|v|color
3175,translucent
1073,gl|type
1276,tooltip
4861,cur|point
4878,prev|point
3835,fit
3478,suppress|selection|merging
4585,render|tile|sizes
3731,label|sizes
54,deferred|flag|values
4525,rtc|positions
223,line|dash
1085,el|legend|foreign
3398,is|input|enabled
664,colors|buf
1240,evaluated
107,get|map
2277,border|width|scale
2883,wkt
3633,shadow|renderer|local
879,get|uniform|block|index
2972,open|locations
1948,gl|point|size|=
4345,tiles|to|draw|by|z
1253,elif
2189,bind|events
4218,simplify|transformed
2286,data|changes
4575,source|tile|size
2012,extend
3914,source|canvas
2425,is|horizontal
2504,altitude|is|number
984,world|matrix
4442,declutter
4716,data|changed
4120,fill|instructions
546,get|layer
1529,xaxis|off|y
4422,declutter|executor|group
4556,bc
2798,get|fixed|extent
5058,apexchartslineseries|apexchartsmarker|apexchartsareaseries|apexchartsmarker
1741,get|scroll|container|height
4870,next|cmd
4435,tile|coord
471,outline|count
3641,is|layer|enabled
3831,search
2177,spacing
2067,systems
5030,bw
1827,move|cursors
3773,bz
109,prevent|default
1738,pixel|left
824,get|uri
1572,push|opaque
2984,location|stats
307,get|placement
4213,cc
3227,clear|color|buffer
2905,ext|blend|minmax
3665,varyings
1353,f|f|f
3029,emit|change|event
3997,cp
2713,particle|tex|out
4738,cs
2327,padding|top
4016,deleted
2148,on|update
1524,cx
1523,cy
3223,post|process|marked
3906,no|modifier|keys
4217,begin|path
4573,source|resolutions
318,opacity
316,config
2374,data|limits|cached
4542,da
1608,db
2168,semantic|color
298,font
2969,initial|line
3993,target|world
4566,interpolation|ratio
1072,gl|format
1270,make|canvas
3586,cpu|updater
4009,corner|world
2191,remove|component
2224,repeat|world
3799,lightness
4454,positions|decode|boundary
1437,first|tick|position
439,graphics
2884,do
3273,trailing|context|line|count
3701,shadow|pcss
1805,observe
3262,add|light|data
1338,dt
1799,is|updated|synchronously
239,set|width
703,dblclick
245,dx
3177,equal|param|sets
4319,lambert|material
253,dy
4664,is|noop|animation
909,min|x|diff
4492,create|texture|unsupported|value|for|wrap|t|-|supported|values|are|clamp|to|edge|wrapping|mirrored|repeat|wrapping|and|repeat|wrapping|defaulting|to|repeat|wrapping
1155,warning
2427,move|to
3887,geometry|name
3399,buffer|position
226,===
2950,measure|size
2491,inflate|amount
3687,opts|at|index
8,image
353,el
173,section|plane|uniforms
3510,update|encoding
2421,axis|width
3759,blend|normal
3250,data|float|start
1100,ex
3787,pt|x
3784,pt|y
2931,texture|float|renderable
3196,index|array|type
4766,axis|border
623,element|array|buffer
2832,write|envelope
729,edge|flag
2265,frame
554,page|number|to|dest|hash
4949,ff
1832,bitmaps
2669,get|distance|from|center|for|value
1394,get|point
2363,is|geo
4813,data|format|x|numeric
183,origin
4456,create|geometry|config|missing|id
10,for
1685,fn
1260,tool|transparent|mode
596,marker|width
4844,urlpatternwglobalscuid|optsseries|number|+|pattern|id
4143,fov
1210,fs
2042,easing
1716,content
3867,ft
4097,loadstart
1692,is|ie
377,is|valid|state
4921,series|min
3442,rate
1071,texture|d|array
3501,preferred|line|length
1327,json
555,dest|hash
3763,calc|fresnel
378,wait|on|event|or|timeout
1490,class
3575,gd
3711,apply|slope|scale|bias
5067,add|datapoint|events|listeners
4261,type|or|subtype
4122,stroke|key
5056,chart|withmarkers
1115,node|modules
161,gl
4945,is|color|fn
1385,find|buffer|for|path
1550,setlayers
2071,splice
2849,fps
3166,max|num|vertices
4900,datacollapsed
1409,counter
2966,windowcommand
2804,extent|cache
3477,line|number|gutter|visible
66,silhouette|highlighted
3777,gz
2756,container|style
3954,menu|element
2891,token|type
2751,start|zoom
4130,fill|key
4385,const|float|pack|upscale|=|.|/|.;
1361,assign
770,this|nameis|page|cached|page|number|is|not|a|valid|page
4073,center|lon|lat
3613,vert
2170,hp
428,get|renderer
3921,paddingleft
1514,set|local|matrix|dirty
3625,frame|graph
3757,uniform|float|light
4666,start|angle
3994,origin|world
31,else
210,context
4472,tile|texture
162,id
25,if
682,update|diffs
2036,)|at|index
4015,update|segment|indices
4074,clamp
2069,rigidbody
43,clippable
532,ii
4330,v|view|normal|=|view|normal
4640,image|state
648,in
1696,sub|portion|set|offset
812,index
2169,it
2837,envelope|serializers
905,odd
988,u|reflection|map
1303,stacked|series|totals
3975,get|uid
306,rotate|with|view
3132,load|settings
1485,menu|items
116,object|event|type
2988,scope|id
2515,movement|y
2419,face|levels
3112,rendered|pixel|to|coordinate|transform
1914,get|updates
17,determine|projection
2522,movement|x
4461,z|direction
4667,sparkline
701,on|tree|loaded
3208,flip|faces|factor
4063,selected|object|ids
2719,particle|tex|in
2925,ext|texture|float
1972,visual|height
461,text|content
1888,ability
198,camera
1286,shade|intensity
3875,km
220,draw
2539,left|for|ltr
1648,off
4850,gradient|to
3200,batch|groups
3720,position|axis|id
4428,source|tiles
470,finish|rendering
2549,equals
3589,set|trs
1769,get|internal|symbol
4645,complete
1609,transaction
4014,set|text
2041,ll
4991,number|of|months
182,ln
1387,file|path
4373,return|normalize|(|vec|(|dir|.|)|*|matrix|xyz|);
191,dist
2402,unsimpled|params
1032,sandbox|bundle|src
474,while
4276,get|miter|limit
4033,edge
365,parse|current|hash
2630,get|tick|limit
278,uniform|int|render|pass
1684,me
2879,limit
2186,bind|user|events
930,previous|page|view
1938,mi
2962,apply|properties
4720,hollow|radius
3094,tolerance
3138,shell|load|time
3856,mm
4699,prev|end|angle
3187,total|components
4212,collides
4740,point|fill|color
2450,key|up|handler
743,widthpx
2331,blue|write
4551,max|triangle|width
2915,pc|uniform|type
3257,area|data|height
3154,pathname
1440,ends|with
2591,expand
1981,get|parsed
3243,is|area
2249,split|tiles
3858,meters|per|degree
3258,add|light|data|color
764,page|view
3655,get|pending|item
4718,neg|to|zero
4333,vec|world|normal|=|world|normal|matrix|*|vec|oct|decodenormalxy|.|);
3325,emissive
783,code
1469,keys
2361,query|identify|timeout
3850,width|percent
4917,series|max
246,nw
695,exclude|borders
1297,max|y
811,max|x
3897,vector|source
1152,dialog
4743,combo|charts
1797,elementtype|image
782,of
2252,create|dataset|context
3135,thisresource|pathstaticindexhtml
3747,backend
1328,ok
706,on
317,op
1585,keyboard
5079,ls|index
2501,clip|b|box|buffer|size
3234,light|index
528,parse|int
2478,prefiltered|cube|map
2720,grab|to|pan
3588,shader|particle|update|respawn
2208,friction
3970,sort|by|distance
483,mouseleave
3277,regexp|str
4586,scaled|source|resolutions
668,offsets
4127,fill|states
5004,tt|width
2460,asset|reference
2585,pi
1280,diagonal
4225,proj|matrix
268,uniform|vec|light|ambient
4239,in|quotes
524,pp
4851,gradient|from
1627,vec|uv|=|vec|gl|frag|coordx|/|viewport|width|gl|frag|coordy|/|viewport|height
2625,numeric|generator|options
2608,pt
2456,cubemaps
851,px
1969,start|param
507,pick|color
4891,m|height
1638,date|str
1388,is|path|modified
3379,iterator
1628,float|ambient|=|smoothstepblend|cutoff|.|unpack|rgb|to|floattextureu|occlusion|texture|uv|*|blend|factor
5027,apexchartsbarseries|apexchartsseriesdatareal|indexcaptured|series|pathjj|apexchartscandlestickseries|apexchartsseriesdatareal|indexcaptured|series|pathjj|apexchartsbox|plotseries|apexchartsseriesdatareal|indexcaptured|series|pathjj|apexchartsrangebarseries|apexchartsseriesdatareal|indexcaptured|series|pathjj
2894,right|paren
3103,polygon|instructions
1614,db|promise
2621,tick|opts
3606,promises
4202,batch|size
4091,map|event|type
805,edit
2112,old
2107,tile|system
3438,nlife
333,then
3256,temp|vec
2546,ra
478,node
526,path|from
4443,tmp|extent
4326,vxy|=|(|.|-|absvyx|*|vec|vx|>=|.|?|.|:|-|.|vy|>=|.|?|.|:|-|.|);
1430,time|scale|array
3160,vert|count
168,safe|inv
3354,starting
70,set|flags
1592,device
267,rgb|*|light|color
361,new|hash
3834,a|valid|zoom|value
4868,start|control
3221,rt
627,vertices
2594,ry
1192,prev|pyramid
3545,start|delta
531,real|index
847,abs|rotation
3367,type|uint
153,pixel|ratio
3174,sf
231,default|fill|style
1983,wait|for|asset
1982,get|data|visibility
2312,create|gain
1789,max|font|size
1801,vector
832,sr
3286,ignore|case
4855,shade|color
4795,st
4771,y|colors
244,sx
247,sy
4756,drawn|labels
2013,text|style
2205,set|collision|flags
1527,xaxis|tt|text
3838,zoom|arg
739,set|property
3713,float|depth|=|mindistanceview|position|v|position|w|/|light|radius|.|);
5032,move|sticky|tooltip|over|bars
4759,time|scale
4906,fillcolor
3696,tl
178,section|planes
1150,closed
4207,measure|pixel|ratio
1470,to
2652,compressed
2302,is|transparent
443,draw|y|axis|texts
2398,tr
4974,ts
2039,get|fit|zoom
755,workspace
3695,tx
3692,ty
1603,loader
3771,tz
3336,sheen|gloss|tint
255,is|sphere
2325,longest|text|cache
650,loaded
1213,style|sheet|path
4724,add|collapsed|class|to|series
3957,ul
4530,create|dtx|buckets
1703,temp|float|array
1397,up
4140,fly|to
3869,us
4106,render|complete
4561,bound|refresh
1027,get|svg|string
504,uv
3098,geometry|batch
4899,m|offset|y
3297,chunk|names
26,this
2903,half|float|oes
4510,is|key|queued
3803,powed
4448,update|executor|group
4201,declutter|box
3587,num|vertices
887,u|light|pos
1580,old|comp
4237,get|aabb|diag|point
2293,src|layers
4998,opt
1777,highlight|components|by|key
3319,adjust|indent
2162,vp
1454,nav|mode
440,draw|text
101,changed
1719,computed|style
3064,open|paths
3626,is|next|layer|grab|pass
5045,legend|labels
710,sidebar|moving
1332,active|state
4193,draw|text|on|path
460,class|name
2241,get|tile|config
360,destination
2801,only|has|point
4972,min|second
343,resolutions
645,vertical
3507,update|show|invisibles
3456,life
1892,wh
4581,default|tile|size
3541,column|range|for|start|delimiter
3659,shader|pass|defines
2597,gl|extent|d
2976,is|directory
1771,dragend
4001,wp
3718,frontend|code
1461,-|supported|values|are|orbit|first|person|and|plan|view|-|defaulting|to|orbit
952,previous
4417,u|texture|per|polygon|id|normals
2566,pass|material
3369,semantic|blendweight
4712,filters
4059,reverse|clipping|planes
1226,endif|command
3229,needs|clear
2212,restitution
1636,azgi
189,rtc|section|plane|pos
1037,location
1255,endif
1604,xr
4424,canvas|executor|group
2295,src|layer
3572,emitter|extents|inner
1419,delta|time
4398,prepare|frame
734,pickable
904,none
258,type
3909,get|ghost|offset|left
1958,max|visual|pitch
1288,view|registry
5003,has|bars
2951,events|to|stop
2412,fix|cubemap|seams
4377,const|vec|un|pack|factors|=|unpack|down|scale|/|vec|(|pack|factors|.|);
2124,method
2936,sampler|d
3195,streams
4455,positions|decode|matrix
820,deserializer
261,push
1145,browser|window
1214,get|stylesheet|paths
3011,samples
1035,props
2992,sampler
3396,existing|selection
3937,user|projection
2666,scaling|factor
3070,opened|window
3072,profile|startup
3485,line|number|gutter
3712,use|packed|depth
4347,zs
3705,ext|standard|derivatives
1694,app|version
327,should|dirty|match
3719,gl|frag|color|=|vec|encode|float|rgdepth|encode|float|rgdepthdepth
58,|=
1065,tex|parameteri
3962,oncontextmenu
3117,handle|style|image|change
4990,current|month|date
3017,viewport|position
4090,wanted|tiles
3702,light|type
1362,item|state
249,sphere|extent
4060,default|visibility
1962,geo
1343,active|clips
560,get
2104,cached
3920,resize|selection
1086,get|legend|styles
1278,dark
2048,initialized
1735,element|right
1760,copy
479,add|event|listener
4995,el|grid
640,anno|index
3492,text|mate|language|mode
1307,min|z
1486,export|to|csv
3885,{}
4065,opacity|object|ids
2336,blendmode|zero
1139,save|width
124,null|on|remove
4416,u|log|depth|buf|fc
1018,rotate|str
1400,sample|frame
3248,has|atlas|viewport
2899,devicetype|webgl
3938,depth
1757,set|event|target
4170,city|object
3115,rendered|rotation
4607,data|index
1560,self
165,base|index
1646,asset
3125,max|texture|size
4835,handle|pattern|fill
1541,min|y
2437,copy|size
814,min|x
29,||
1606,date
4946,new|color
831,data
2310,sound
4469,apply|transform
3194,set|vertex|stream
776,rebuilding
330,highlight|matches
232,translate
3020,get|size
3781,x|align
3296,half|extents
4381,xyz|.|.|);
1740,get|scroll|container|client|height
4978,days|diff
2174,break|line
1013,create
3043,color|attachment
305,get|text|align
715,outer|container
2466,resource
3303,remaining|lines
3089,replay
2797,points|at|res|to|container|points
3253,cookie|a
3362,ending
4094,post|render|functions
1023,blob
2702,tile|grids
1765,rectangle
1783,split|ver|anchors
624,pos|buffer
2981,send
1899,marker|dy
4010,angle|label
1893,marker|dx
4339,uniform|mat|positions|decode|matrix
686,line
3553,current|line|tags
4859,result|commands
229,scale
2207,ammo|vec
2862,get|srid
2970,missing|:>
3754,refl|dir|ps
4156,mesh|ids
586,draw|markers|with|cache
3316,is|last|selection
1747,get|float|array
3547,is|empty
4238,new|eye
4808,bubble|series
3611,tex|coord|offset
4680,animate|paths
981,u|positions|decode|matrix
4937,gls|cnt
3450,particle|pos|prev
1845,regex|for|pattern
4401,load|extent
727,edges
3949,groups
960,zoomout
2636,add|light|area|sizes
3271,follow
4253,chunk|begin
3368,type|int
4843,clipped|img|area
3830,pagemode
4543,d|src
2965,locations
3163,positive|infinity
4739,point|fill|opacity
3142,emit
4849,fill|cnf
3146,node|integration|in|worker
2049,on|render|asset|removed
2650,dxt|block|width
4502,get|tile|range|for|extent|and|z
2172,line|widths
4467,get|min|zoom
1620,world|pos
1313,init|global|vars
3579,fs|quad
5049,draw|dynamic|points
1709,silhouette|renderer
3686,use|morph|normal
911,all|series|collapsed
1807,text|editor|component
2661,pixelformat|rgb
175,coordinate|divider
3143,windowloaded
1223,has|activation|hooks
4687,should|set|prev|paths
2418,pixelformat|rgba
4360,source|revision
4402,style|function
4172,meta|objects
394,highest|y
2662,num|blocks
4309,is|node
969,set|page|number
1130,save|height
447,remove|cache
4537,add|quad
3635,debug|helper
5057,common|bar
778,rebuild|failed
3552,current|line|length
4826,is|collapsed
4837,gradient|fill
1163,force|close
4894,el|marker
3761,backend|code
908,for|each
270,lights|state
1855,request|header
3793,yellow
2453,blur
3449,particle|enabled
2077,datasets
169,aabb
2536,title|height
4963,#|d|aa
328,clear|timeout
1630,with|sao
1763,draggable
1909,update|coord|from|shadow
4683,prev|start|angle
3409,did|mouse|move
827,unload|editor|window
2977,folders|for|state|key
1497,set|buffer|range
2840,is|canvas
3337,specular|tint
271,lights
3755,float|d|atten|d
4379,precision|mediump|float
2963,missing|folders
2494,get|gl|res
4203,pixel|ratio|scale
871,u|shadow|view|matrix
3592,union
2844,fps|on|interacting
1870,ordered|mesh|list
1785,component
3802,blue
3328,material|bumpiness
2369,identify|options
2642,faces
1373,removed|overlapping|ts
2005,wrap
2738,buff
3876,imperial
4809,candle|stick
1597,skybox|asset
1532,build|fragment
3289,stdout
2861,reader
3231,last|camera|use
2761,get|tile|container
370,link|service
4431,source|tile|grid
2397,zoom|scale
362,current|hash
1968,dragging
2033,fit|view
2182,no|resize
2745,tile|offset
2424,set|context
1828,consolidate|selections
2953,build|on
4209,draw|chars
4752,date|time
4034,projected|coordinate
4839,get|opacity|from|rgba
2627,max|digits
1363,active|item
4801,area
4046,visibility
3471,add|gutter
4246,create|fill
527,gpp
3329,material|clear|coat
617,unsigned|short
901,spread|even|button
1599,list
4715,el|hollow
1989,resolve|dataset|element|options
2248,center|tile
1595,scenes
350,get|json|type
1676,line|height
3617,mesh|data
762,set|immediate
3819,get|thickness
1289,child
759,atomconfigpackageseventtargetpackagename
4317,receives|shadow
2673,set|invalid
3511,update|line|number|gutter|visible
1578,attach|select|events
2084,is|dataset|visible
3066,startup|time
4777,x|axis|label|click
147,queued|elements
79,remove
3812,clear|coat|gloss|ps
4062,create|bcf|components
1360,active|item|uri
4241,new|look
1183,log|max
2568,casters
3083,dev|resource|path
4614,pct
3345,cube|map|projection|box
263,return|m|][|]|==|-|.|);
889,u|light|dir
2995,error|once
4768,draw|y|axis|ticks
593,cooked|points
2365,get|event|type|to|fire
2772,semantic|tangent
564,args
4799,scatter|line
953,scale|select|container
2136,name|or|type
2888,to|upper|case
336,findagain
1372,reformatted|timescale|array
4934,gsl
2619,generate|ticks
2850,transform|matrix
3824,get|definition
1700,texture|state
4348,line|to
85,focus
4776,el|x|axis|title|text
1780,margin|change
1626,const|vec|pack|factors|=|vec|(|.|*|.|*|.|.|*|.|.|);
2706,normalize
5073,tooltip|labels
176,section|plane|index
4727,strokeopacity
4876,next|point
4886,gto
575,plot|options
3302,auto|indent|buffer|row
3678,msdf|text|attribute
1768,geometry|draggble
4570,common|render|tile|sizes
1706,num|updates|in|frame
2315,suspended
3444,move|dir|vec
3452,radial|velocity|vec
4026,segments|length
896,even
1488,apexchartsmenuitem|menu|itemsiname
3335,emissive|map
3476,display|layer|params
1024,svg|blob
89,adjust|width
3276,regexp
3738,get|y|axis|label|alignment
482,data|labels
2874,is|view|changed
3119,needs|mipmaps|upload
1063,texture|wrap|s
2955,xml|serializer
3294,standard|material|removed|parameters
1022,svg|data
4764,xlb|formatter
3675,use|msdf
561,ahrefdest|hash
1323,meta|model|src
2047,recreate|physical|shapes
3324,auto|indent
1198,pyramid|t
1665,measured|content
921,initial|max|x
4280,get|overflow
1566,batcher
4413,section|plane|active
1133,snapshot|height
3179,zpass
4887,linear
4936,radar|polygons
500,expand|aabb|point
3427,new|screen|lines|end|index
3658,pane|for|item
1834,clear|bitmaps
1874,already|finalized
2865,view|cache
1861,injection|marker
2764,is|moving
2296,sub|layer|enabled
656,array|buf
2054,names
1069,mipmap
1177,highlight|range|in|series
868,u|uv|decode|matrix
1922,attributes
380,hash|changed
1568,entity
2693,generate|place|holder
4737,prev|path|j
4781,yaxis|font|family
4332,attribute|vec|normal
3931,pointerdown
2564,temp|rt
3331,sheen|tint
1886,data|transfer
1897,pie
791,datetime
3735,tick|and|padding
2633,get|light|area|sizes
1517,xyz
3464,vb|offset
4639,image|size
4131,fill|stroke|args
4249,apply|stroke
2027,get|layer|by|id
2076,get|element
949,main|source
4189,view|rotation
1781,fit|mode
2438,descr
557,get|page|number|to|dest|hash
334,highlight|all
2523,mousebutton|none
3080,has|non|empty|path
2243,all|count
3118,rendered|layer|revision
322,find|timeout
1947,gl|position|=|clip|pos
3624,is|next|layer|depth
4544,add|triangle
3852,scroll|mode
4577,source|count
2519,expected|mouse|event
1081,min|filter
2395,cached|params
1413,base|value
1239,substring
3424,new|screen|line|component
4547,da|src
3944,borderbottom
4951,#|d|eb
135,xmax
4947,#|b|f
607,center|text|in|bubble
1654,render|placeholder|text
1672,extra
850,text|abs|rotation
3063,locations|to|open
4520,new|tile|representation|lookup
4075,min|lon
1238,keyword|identifier|value|keep|?|:|ignored
2167,voffset
3506,atomic|soft|tabs
902,buttons
2640,dxt|block|height
5005,tt|height
3293,line|number
2051,on|set|render|asset
1184,log|min
3440,particle|final|pos
3472,get|invisibles
1357,update|theme|options
1143,please|report|this|issue|to|httpsgithubcomatomatom
3499,soft|wrap|hanging|indent
2060,prefixes
3161,vertex|format|batching|hash
4199,text|scale
2166,outline|color|rg
3703,use|perspective|depth
2846,needs|redraw
34,culled
349,get|id
2604,dest|mesh|instances|set
4960,#|a|a
2796,get|altitude
3985,pixel|tolerance
3866,decimal|count
4144,perspective|camera
3769,light|specular|aniso|ggxps
1484,el|menu|items
3935,from|user|coordinate
4307,check|component
1389,is|modified
2457,standard|material|cubemap|parameters
1169,events
2762,px|px
40,portions
509,colors|compressed
3092,get|builder
3418,line|decorations
4394,canvas|builder|group
184,render|pass
3762,shadow|evsmps
5026,follow|cursor
4674,anim|begin|arr
1132,png
4484,transcode
4545,is|not|finite
4898,series|have|same|values
2436,gpu|texture
1412,input
4611,source|samples
1291,subscriptions|by|child
3060,create|renderbuffer
4393,styles
2778,has|tangents
1052,circle
2503,round|point
3791,get|caret|position
1868,scene|model
516,decompress|position
1312,series|candle|h
2740,dds|caps|complex
4597,samples|per|pixel
1449,starts|with
3394,add|or|remove|selection
4248,declutter|image|with|text
4554,target|coverage|x
4918,series|candle|c
4224,poi
4747,highest|unit
431,colors
141,pop
281,get|font
957,open|file
3123,pot
174,pos
1182,pow
1590,entity|index
1555,default|layer|world
2754,start|fraction
2385,validate
224,fill|style
3149,windowlocationsopened
1273,gradient
2870,layer|image
4562,refresh
1504,column|delimiter
2390,get|base|value
1005,...
5036,xy|charts
3618,particle|verts
3676,use|morph|position
3246,light|projection|matrix
3666,builtin|varyings
1295,series|candle|l
1178,chart
611,tex|buffer
1540,make|selection|rect|draggable
3397,allow|multi|cursor
2664,fcc|pvrtc|bpp|rgba
2482,align
3677,use|normals
1901,get|coordinates
4000,angle|visible
2396,hit|point
558,continue
652,tile
1111,safe|mode
765,has
971,new|value
1230,keyword
472,normalize|text|content
1761,create|circle|editor
4150,set|viewpoint
1299,max|date
3623,unlock
1817,last
3191,batch
5078,common|series|texts|params
3878,get|point|resolution
4048,coloring|map
3732,show|label|backdrop
4316,get|pick|id
834,application|delegate
1499,warn
2871,base|layer|image
1851,dblclick|handler
2598,get|pitch
290,max|angle
3832,zoom|arg|number
1902,set|height
23,const
3901,min|points
3950,action|title
1825,column|count
2938,mirrored|repeat
1509,exports
767,is|integer
4965,#|c
1905,updates
4950,#|e
381,get|current|hash
3943,get|stride
3415,soft|wrapped
4828,firstimescale|label
4830,first|label|position
3481,soft|wrap|hanging|indent|length
134,xmin
1688,trident
1742,get|horizontal|scrollbar|height
288,rotation
3892,stop|down
5081,draw|series|texts
299,is|array
2052,configure
616,uint|array
4352,current|clip
1006,disposable
2506,pts
1954,curves
4748,allow|duplicates|in|time|scale
931,viewer|nodes
2567,is|ambient|light
1431,generate|year|scale
2637,float|mantissa|exponent
3421,old|screen|line|index|in|new|screen|lines
1613,readwrite
1953,time
1293,weak|map
919,x|division
1411,layer|index
251,circum
1758,shadow
2579,create|materials
4943,polygons
4916,lowest|y
2715,rt|particle|tex|in
622,program
4243,new|up
2411,cubemap|asset
3797,cyan
1610,put
2763,multi
545,fill|text
514,mesh|matrix
4078,valid|extent
1406,stable|sort
312,options
2473,unload
117,event|type
3093,builder|type
1939,hex
4136,coloring
2335,blendmode|one
1241,identifier
915,is|x|numeric
1091,viewer|url
3473,decorate|marker|layer
4959,f|a|a
1794,rtl|reorder
1001,logarithmic|depth|buffer|enabled
345,min|zoom
475,add|toggle|button
259,light
2301,dest|mesh|instances
1482,inner|html
3714,gl|frag|color|=|pack|floatdepth
1222,get|activation|hooks
1267,trigger|handler
2917,max|precision
1171,apexchartslegendseries
4534,bc|src
3591,existing|injection|markers
771,is|page|cached
2485,render|text
3706,shadow|vsm
3406,tile|children
539,layer
3775,draw|border
662,not|normalized
2351,is|mousedown
3122,res|mult
3216,clear|stencil
4363,tile|range
1355,theme
2807,replace|node
1358,deserialize
4157,geometry|material
1838,get|language|mode
4610,source|value
1493,editor
1625,if|section|plane|active
1822,sub|vec
2401,map|state|cache
4440,builder|group
2484,reverse
3631,is|depth|layer
195,num|section|planes
2743,key|down
1342,active|state|animations
3521,double|width|char|width
233,prj|to|point|at|res
2680,tile|queue
2703,array|unique
2179,char
4158,parse|geometry|surfaces|with|own|materials
4265,is|type
2724,cursor|tool|on|load
735,edges|color|transparent
1647,old|value
230,line|dash|offset
3566,shader|code|on|stop
1287,flex|scale
1634,replace
4655,is|def
4071,min|lat
1471,transitions
114,listen
5024,j|bar
731,selected|material
4152,hit
2639,mip|buff
3513,invisibles
356,apexchartsinner
3605,injection|nodes
672,num|portions
3557,was|visible
3056,set|framebuffer
139,sift|up
3946,group
571,current|scale|value
2142,scripts|index
166,origin|camera|eye
936,scroll|top
1857,tree
2530,alt|key
2769,pages|rotation
39,vertex|base
1896,history
419,external|link|enabled
2766,get|event|pixel
4698,to|start|angle
1322,err|msg
3039,framebuffer|renderbuffer
57,silhouette|flag
1961,symbolchange
1605,request
2497,altitude
3945,do|hover
1010,values
3071,window|dimensions
1518,xaxis|tooltip
4925,numeric
792,draw|rect
3855,percent
264,point
4703,lb|formatter
4840,pattern|fill
4269,attachment
3960,inner|width
417,next|page
1298,min|y|arr
4938,main|color
303,get|rotation
411,pdf|history
4338,ext|frag|depth
295,padding
803,process
1225,debug
4367,restore
2886,is|alpha
1829,clear
2723,add|event|listeners
405,event|bus
1205,point|count
4312,xray|material
1089,content|type
2360,changed|touches
4351,tile|coord|intersects|viewport
835,auto|hide
4572,source|origin
857,text|layer|viewport
4252,begin|geometry
4266,managing|lifecycle
3857,nominal|count
1138,plugins
1903,container|point
2495,temp|clip|extent
2932,src|color
81,toggled
212,stroke|style
1371,set|highlighted
4563,min|distance
1831,get|last|selection
2780,stride
577,radial|bar
799,advance
4285,text|fill|style
3548,trim
2649,texture|options
804,darwin
2727,dds|flags|mipmap
1680,strict
3918,soft
1830,clear|selections
1011,initialized|promise
3165,skip|mesh
188,active
4272,recompiles
1937,tags
4108,map|id
4364,pixel|transform
1513,quaternion
2201,angular|factor
4694,datareal|index
324,pdf|document
3736,mirror
1455,end|pivot
4089,get|layer|states|array
4507,tile|queue|key
4161,parent|meta|object|id
2659,pixelformat|rgba|f
1215,main|style|sheet
4227,ortho|scale
3136,background|throttling
4147,set|objects|selected
1099,disable|create|object|url
2948,observer|dom|size
3091,replays
1324,get|meta|model
2422,last|line|width
4527,rtc|center
4371,define|reciprocal|pi|.
3306,indent|level|for|line
2430,depth|or|array|layers
793,apexchartsgridtype
1860,root|language|layer
425,dragger
1690,user|agent
3244,area|lights|enabled
2835,srs|name
3036,contains|coordinate
3285,submatches
1618,onsuccess
4049,visible|object|ids
2144,sorted|loop|array
1925,mesh|instance
1345,transition
1351,time|in|state
722,current|outline|item|button
481,el|path
869,a|color
4114,map|event
574,series
4690,font|weight
1098,viewer|compatibility
3551,tag|index
413,dispatch
3113,bound|handle|style|image|change
4686,series|number
1480,set|attrs
1917,thickness
785,rebuilt|package|count
4418,a|packed|vertex|id
1268,update|tool|transparent|mode
2091,tile|id
2575,bake|light
3051,depth|component|f
892,promise
3822,needs|scene|color
4331,vec|v|=|vec|octxy|.|-|absoctx|-|absocty
4697,total|items
3514,auto|height
1435,days|width|on|x|axis
4236,trail
4654,get|icon|image
529,get|previous|path
3388,select|line
216,miter|limit
421,external|link|rel
1336,find|state
1956,parse|event
129,count
1895,geometry|to|edit
2993,samplers
1382,unbind|events
3382,num|bones
4969,generate|hour|scale
4138,immediate
1376,filtered|time|scale
1296,y|title|coords
3654,item|or|uri
3079,some
1173,apexchartsinactivelegend
878,intensity|range
3708,shadow|pcf
3792,tooltip|point
679,on|event
2333,color|src|factor
3953,item|rect
970,key|path
991,alpha
4806,range|area|series
1624,//|triangles|data|texture|draw|fragment|shader
4231,flying|eye
2382,pixel
3269,rg|path
1148,quitting
3749,ambient|source
2683,parent|tiles
1670,rendered|start|row
3786,corner|radius
4499,initial|z
3435,insert|before
4671,full|angle
1366,deserializer|manager
2451,keydown
2814,class|collapsed
4568,set|source
950,print
1907,create|resize|handles
3183,nodes
1787,material
3598,injection|points|by|type
1571,layer|composition
4082,projection|extent
1117,resize
3800,hue
2980,unable|to|open|project|folder
95,ctrl|container
2426,align|pixel
553,scroll|to|current|tree|item
2057,create|resolver
3448,local|velocity|vec
4706,is|total
2921,commit|function
4142,orthogonal|camera
4588,to|user|coordinate
3010,the|index|buffer|was|not|created|using|current|graphics|device
3102,custom|attributes
205,last|program|id
3518,update|undo|grouping|interval
3493,show|cursor|on|selection
407,action
4637,displacement
700,apexchartsgridline
1426,month|mod
2388,validation
2001,dataset|index
217,line|cap
2056,get|resolver
4175,meta|object
885,u|near|plane|height
68,float|array
1352,anim|node
2512,disable|clip
4905,m|width
488,path|mouse|down
2681,loading
3226,camera|first|render|action
5017,p|color
4673,drop|shadow
5000,combo|bar|count
480,mouseenter
1751,get|scroll|top
584,draw|markers
1489,export|csv
3055,framebuffer|texture|d
3905,pointer|options
3457,particle|tex|channels
618,load|texture
1795,split|hor|anchors
2108,has|current|in
2757,map|offset
4315,is|model
787,rebuild|succeeded
1339,total|clips
3854,get|visible|pages
4118,text|state
337,next|match
3649,item|opened
2128,notify|plugins
806,file
3534,indent|length
4509,get|tile|coord|center
1219,bundled|package
2605,remove|shadow|casters
2323,padding|right
3428,line|component|index
145,element|key
2096,lru|cache
1726,wrapper|top
434,fore|color
1543,sl|draggable|rect
4695,fill|opacity
1059,menu
1495,buffer|range|for|screen|range
1157,file|recovery|service
967,page|label
4877,end|control
4797,radar
1977,supports|decimation
4736,get|marker|config
1201,video|height
1865,injections|marker|layer
4173,num|visible|entities
4192,prev|x
4735,prev|r
93,return
1016,rotate
3669,codes
2140,instance
2930,webgl
4460,current|z
2907,uniform|iv
1911,black|list
3645,get|allowed|locations
2843,layer|limit
4344,tiles|to|draw
2158,post|update
3387,screen|position|for|mouse|event
331,find
49,selected
4386,geometryview|eye|dir|=|normalizev|view|positionxyz
358,base|el
3097,has|stroke
4355,tile|source
4028,closest|feature
2592,gl|scale
4708,apexchartsdatalabelvalue
1978,batch|manager|has|not|been|created|and|is|required|for|correct|functionality
2272,frame|data
4749,raw|label
1337,blend|weight
2705,sort
213,fill
1446,/**
591,painter
1737,get|computed|style
3100,has|symbol
4754,to|lower|case
84,true
2660,header
2869,is|canvas|render
643,position
1247,block|code
1521,xaxis|tooltip|text
5031,apexchartscandlestickarea
2250,frustum|matrix
3148,webview|tag
2447,key|press|handler
2468,on|cubemap|load
826,save|blob|store|sync
839,redraw|annotations
1766,bring|to|front
1203,max|points
2997,trying|to|bind|current|color|buffer|as|a|texture
4055,camera|direction
2200,linear|damping
3267,trailing|context|lines
92,delete
4324,vec|world|position|=|world|matrix|*|positions|decode|matrix|*|vec|position|.|));
45,not|rendered
638,transform
614,u|matrix
4746,hour
1107,pdfjs|lib
4785,x|pad
4825,grid|pad
1531,mesh
4893,m|border|color
962,view|bookmark
385,register|mode
448,tree|items
692,grid|height
4105,previous|frame|state
2726,switch|tool
4641,declutter|mode
202,section|planes|active|per|layer
486,add|listeners
164,uniform|fv
4488,scene|model|texture
4693,fill|path
1960,last|point
3561,shader|code|no|respawn
1275,dynamic|animation
262,in|vec|position
974,callback
2924,float|mat
4730,data|point|index
716,transitionend
4540,source|coverage|x
355,globals
4670,default|size
1949,out|float|v|frag|depth
4817,is|range|column
1391,create|types|nodes
4879,new|point
395,get|highest|value|in|series
866,build|shader
48,color|flag
1064,texture|mag|filter
1325,utils
3638,is|grab|pass
2409,mag|filter
3517,update|invisibles
98,fire
4755,show|duplicates
4884,user|space|on|use
3155,is|spec|window
1216,get|stylesheets|path
1872,ordered|entity|list
4221,set|context|fill|state
3734,backdrop
321,pending|timeout
1593,scene|grab
319,set|opacity
2789,vertices|byte|size
1869,create|entity
1979,meta
922,grid|width
3646,item|exists|in|workspace
653,tileunload
1483,all|series|has|equal|x
1501,dolly|to|pointer
1320,data|source
4866,curve|end
1563,hidden|attr
2665,drawing|area
748,global
1752,row|for|pixel|position
453,outline
2149,on|post|initialize
2943,fade
661,quantize|positions
5013,print|labels
673,model|aabb
3779,is|visible
2461,data|asset|id
4495,tile|representation|cache
4498,tile|layer
1417,anim|component
2889,coordinates
2290,create|default|material
1447,reg|exp
2226,get|neighor|tile|index
3789,bottom|left
2432,face
1660,tile|end|row
2184,auto|width
130,oldest
3554,move|to|successor
1468,condition|keys
2163,ratio
2283,remove|elements
1109,load|paths
5023,bar|len
492,normals|compressed
4506,lookup|has|tile
4750,x|format
2964,file|locations|to|open
3599,mark|range
3610,semantic|attr
1116,register|atom|protocol
1135,plugin|container|elements
883,a|metallic|roughness
1319,no|labels|provided
3419,new|screen|line|index
1051,draw|circle
4857,commands
1364,active|item|index
3612,vb|cpu
3025,config|is|ready
4340,gl|position|=|vec|(|.|.|.|.|);
3116,tmp|transform
125,constructor
4702,animate|arc
4301,rings|vertices|count
2227,get|gl|scale
2851,set|layer|canvas|updated
4006,set|start|and|end
418,external|link|target
4744,strokedasharray
2472,on|cubemap|remove|or|unload
3662,map|transform
926,update|scroll|down
1166,pdfjs|sandbox
1833,ids
2113,guid
2410,old|assets
1976,enable|option|sharing
2066,idx
1512,gl|redraw
335,set|timeout
4812,is|x|arr
2087,idy
740,update|width
1835,language|mode
2255,get|dataset
3700,is|vsm
784,update
2617,clear|cameras
4180,property|sets
2690,is|interacting
848,text|layer|div
2551,layer|list
3374,bone|used
3381,indices|element
651,no|tiles|to|load
1496,set|screen|range
802,linux
3604,injection|point
4336,webgl|info
924,initial|min|x
927,shadow|viewer
4707,el|value
2606,mesh|instances|set
2823,again
3042,color|buffer|count
4604,nodata
4421,section|plane|dir
2320,start|offset
1821,len|vec
935,child|nodes
2572,lightmap|param|names
2638,fcc|fp
833,is|format|xy
733,set|data
756,package|manager
968,update|ui|state
3978,vertex|feature
3984,get|pixel|from|coordinate
3895,drag|vertex|delay
5040,data|points|divided|width
4845,get|fill|type
3364,position|element
4955,#|ee|e
1164,load|script
1522,translate|y
1530,translate|x
3723,option|ticks
1885,handle|dragover
2303,mesh|instances
3877,degrees
3542,non|whitespace|regexp
4600,pixel|index
1862,grammar
3628,has|directional|shadow|lights
108,on|zoom|in|click
1056,enable
4678,label|position
1697,tex|sub|image|d
3987,circle|circumference|index
2634,area|sizes
1723,decoration
3826,use|uv
2146,enabled|components
899,spread|mode|changed
4409,get|update|while|interacting
1544,resizing
2445,keyup
1772,line|string
369,update|internal|state
873,a|model|matrix|col
4630,versions
4541,source|quad|extent
2257,lighttype|directional
3451,particle|tex
1602,layerid|depth
2348,iid
4195,snap|to|pixel
3637,add|render|pass
1678,line|components|by|screen|line|id
4880,cmd|index
1607,to|string
3780,draw|labels
2908,uniform
2618,min|rotation
5050,scatter
745,event
523,previous|paths
987,u|sao|params
2183,is|whitespace
112,propertychange
1160,close|window
1170,legend|hover
890,u|color
4536,c|src
3879,cache|size
895,toggle
3656,scroll|to|buffer|position
3391,buffer|position|for|screen|position
966,toolbar
1093,viewer|compatibility|params
4426,executor|groups
4395,gutter
4650,calculate|scale
1710,pick|mesh|renderer
4159,appearance
4979,time|intervals
1823,move|to|end|of|selection
4792,css|class
2159,shadow|color|ba
4216,transform|geom|d
3432,update|lines
4003,container|offsets
1729,window|inner|height
3003,first
1041,span
2748,translate|d
3176,batching|hash
4308,vbo|geometry
2655,address|repeat
1149,web|contents
1990,dataset|element|type
3033,priority|for|source
3139,browser|window|constructor
1671,get|scroll|height
854,xfa|layer
2444,keypress
629,draw|tin|image
3811,light|map|encoding
265,space
3144,get|simple|fullscreen
3753,`|s|specular|light|+=|get|light|specular|sheend|half|dir|w|lit|args|world|normal|d|view|dir|w|d|light|dir|norm|w|lit|args|sheen|gloss|*|d|atten|*|lighti|color
4723,datavalue
1999,draw|count
2616,dirty|cameras
4672,dynamic|anim
2040,from|json
2117,new|guid|array
1464,from
2271,param|atlas|rect
3562,create|shader|from|code
498,geometry|compression|utils
3390,destroy|folds|containing|buffer|positions
4675,center|x
2055,resolver
2510,points|container|points
4609,get|max|for|data|type
4691,center|y
506,aabb|to|obb
4761,get|label
1791,bottom
1679,off|screen
1439,min|year
886,u|occlusion|texture
2362,prev|over|geos
2114,resolve|entity|script|attribute
3508,update|show|indent|guide
2198,collision
3300,desired|indent|level
4098,coordinate|to|pixel|transform
494,edge|indices
4357,covered
3693,axis|half|width
3181,max|instance|count
2152,preloading
2147,data|type
976,uniform|buffer
2337,color|dst|factor
4646,img
659,normalized
829,active|series|index
3058,attachment|base|constant
2954,offset|height
1206,update|helper|layer
387,error
1615,stored|at
1233,trace
1048,paper
4615,partial|options
438,array
1422,first|val
3739,decodeg
2571,gamma|correction
3765,struct|code
2514,get|shell
893,value
1943,clip|posz|+=
4022,multi|line|string
4290,ind
3252,area|data|width|x
637,apexchartsxaxisannotations|apexchartsxaxisannotationlabelreli
2237,tile|point
1038,dragenter
2613,get|aligned|x
625,a|position
422,resources
3422,old|screen|lines|end|index
2263,inner|offset|uniform
2330,padding|bottom
3616,num|particle|indices
158,round
274,int|color|flag|=|intflags|&|x|f
4805,serie
3355,next|boundary
4814,two|d|series|x
4008,z|corner
1717,avoid|overflow
3884,read|from|storage
4595,band|index
2658,is|cubemap
4019,bounding|extent
4174,objects
2682,placeholders
3386,editormulti|cursor|on|click
685,schedule|update
2119,get|guid
342,resolution
609,triangles
1926,color|palette
3683,=|get|uv
3836,fit|bv
3259,add|light|atlas|viewport
3809,add|map
4432,get|declutter
4593,wanted|samples
2557,bake|dir
2236,prj|center
3925,object|container
2256,raw
4865,curve|start
1019,concat
1108,packages
2073,triggers
3642,lighting
2028,increment|counter
2583,end|bake
3453,radial|speed
2242,rb|tile
934,ensure|page|view|visible|only|one|page|should|be|visible|at|a|time
1657,display|layer
3005,prims|per|frame
4658,animation|count
980,texture|unit
296,placement
3570,set|from|transformed|aabb
3189,subarray
3266,inclusions
4521,draw|tile
840,trans|y
853,trans|x
4274,attachments
2704,sorter
2787,has|uv
1725,client|rect
3342,ambient
4369,get|tile|grid|for|projection
2810,update|box|after|ovmap|is|rendered
3027,default|settings
2429,aspect
401,first|page
315,close
1929,masked|by
4721,hollow|size
2863,get|data|view
1112,atom|home
2558,rcv
3437,particle|lifetime
2714,destroy|resources
605,is|open
515,indices
4501,get|max|resolution
150,abs
5080,legend|name
2264,param|emissive|map
750,initialize
775,rebuild|in|progress
1784,unicode|converter
3096,builders|by|z|index
4283,default|line|width
4854,rgb|hex
1415,inputs
1959,moved
4303,render|state
2882,draw|layer|canvas
4486,mirrored|repeat|wrapping
2912,uniformtype|mat
3798,red
1042,ref
4927,cat|scale
96,remove|dom|node
4496,helper
4775,rel
898,spread|mode
1762,need|shadow
4403,finish
1410,binder
2326,border|value
76,add
1017,ret
234,res
372,go|to|destination
630,get|bounding|client|rect
115,handle|feature|change
2779,interleaved
2857,get|read|options
2239,convert|to
2782,noninterleaved|vertex|format|with|element|size|not|multiple|of|can|have|performance|impact|on|some|platforms|element|size|element|size
1644,on|asset|removed
1715,content|client|rect
4287,add|coordinates
4882,virtual|close|line
4909,text|color
2470,parser
2733,fsize
241,shell
3968,group|len
4519,expire|cache
4569,view|rejector
1635,parsed
2132,clear|canvas
2133,after|destroy
1244,exec
3082,get|last|focused|window
302,get|background|stroke
4996,tooltip|rect
2092,zoom|offset
2830,push|parse|and|pop
3538,correct|selection
4420,u|view|matrix
236,get|resolution
2439,copy|external|image|to|texture
3908,set|rect
670,pick|surface|precision|enabled
1695,rgb
2978,directory
4560,create|custom|cluster
2901,stencil|buffer|bit
3384,delta|positions
2420,address|clamp|to|edge
3404,root|class|name
975,scope
602,toggle|sidebar|notification|title
3417,old|screen|line
4187,new|meta|models
3848,y|array
4279,get|rotate|with|view
3585,local|bounds
3948,item|sub|menu
518,metallic|roughness
2079,controller|class
1369,label
1161,message
4780,col|height
1076,internal|format
2499,is|dash|line
3933,handle|drag|event
283,clone
348,get|zoom|for|resolution
4346,rendered|tiles
170,camera|eye
3326,get|uniform
1973,rhs
996,filter|intensity
4626,size|w
3127,gl|target
1552,layerid|world
2678,tile|grid
204,log|depth|buf|fc
301,get|fill
2185,bind|responsive|events
2487,draw|title
4627,size|h
766,number
4387,float|gl|=|dot|nl|+|sqrt|a|+|(|.|-|a|)|*|(|dot|nl|*|dot|nl|)|);
1316,series|range|end
2802,altitudes
565,previous|scale
3663,shader|defines
4404,frame|state|extent
2440,accessing|mip|level|mip|level|of|texture|with|thisdescrmip|level|count|mip|levels
2968,path|to|open
691,is|bar|horizontal
3940,drag|segment
1971,dragstart
3340,metalness
3577,world|bounds|size
4663,animate|internal
884,handle
2153,execution|order
2155,script
1334,animation
4183,destroy|meta|model
4657,target|resolution
1141,exit
4329,extension|gl|ext|frag|depth|:|enable
4370,x|index
867,u|render|pass
1645,system
3121,compressed|tex|image|d
2059,sub|prefixes
4578,resolution|factor
870,spot
3107,polygon|batch
412,pages|count
495,uv|compressed
2000,animated
4041,view|setup|hints
2061,resolve|named|options
3743,shadow|type|used
837,set|window|menu|bar|visibility
1841,get|scroll|past|end
4178,meta|models
1475,other
3992,set|visible
2332,set|color|write
4901,apxlegendposition
221,line|width
2803,layer|altitude
3363,containing|markers
3290,exclusion
423,missing|=>>
4004,target|dot
4018,segments
1356,#|d|f
4365,canvas|transform
3188,typed|array|types
4726,bubble
3157,supports|bone|textures
2357,geo|map
4433,source|tile
2781,semantic|texcoord
391,optional|content|config
3976,closest|segment
2015,first|point
3774,prototype
1284,opacity|from
3052,depth|format
4039,get|geometry
3305,preceding|text
3497,request|idle|callback
937,ensure|page|view|visible|unexpected|previously|visible|page
4941,monochrome
1596,script|prefix
752,atom
3680,use|instancing
4820,is|x|string
1418,outputs
4558,the|default|geometry|function|can|only|handle|point|or|null|geometries
4647,anchor|y|units
1186,y|max
2971,directory|`
2906,gl|stencil|op
2624,precision
4493,get|map|internal
1134,body
2196,get|meta
1576,sortmode|manual
534,points
386,mode
1393,look|curve
1598,i|n
4779,apexchartsyaxis|apexchartsxaxisinversed
496,buffer
2765,update|html
2584,shaders|updated|on|st|pass
2154,component|type
2934,bone|limit
2017,border
2441,all
3899,always
4051,camera|view|point
410,last|page
1732,get|window|inner|height
2919,alpha|bits
3040,buffers
3559,create|texture
1199,cur|xy
1433,unit
2020,anim|name
1153,cancel|id
1478,locale|values
4810,active|i
1194,u|c|t
2160,x|minus|trailing|whitespace
642,set|orientations
3278,did|match
2828,flat|linear|rings
2794,temp|fixedextent
4638,cross|origin
4165,object|id
3972,vertex|segments
790,rect
3344,gloss
3845,scroll|page|into|view
2698,child|tiles
2890,parse|multi|polygon|text
55,entity|flags
2449,window|blur|handler
1601,layerid|skybox
1727,row
797,attr
680,hide|dom
1736,window|inner|width
4923,x|axis|scale
2214,bodytype|dynamic
3431,new|screen|line
4684,selected|data|points
4710,el|label
4760,minute
4924,linear|scale
665,metallic|roughness|buf
4093,animating
3106,point|batch
368,hash|change|timeout
2235,center|point
3919,undoable
2593,clip|points
4313,parent|not|found
3311,reversed
4341,uniform|mat|world|matrix
737,outer|container|width
2831,inner|boundary|is|parser
1796,initialize|component|data
1272,legend
2708,table|range
4374,//|triangles|data|texture|quality|draw|fragment|shader
354,query|selector
1344,normalized|weight
856,%|%
214,render|options
3304,new|buffer|range
3425,screen|lines
1649,app
4297,polygon|ends
576,margin
2875,renderend
4786,yaxis|style
2075,link|scales
3255,add|light|data|spot|angles
2520,webkit|movement|y
5072,tooltip|hover|formatter
3420,new|screen|line|index|in|old|screen|lines
1936,shadow|hash
841,annotation|layer
2753,dom|mat
4342,current|tile|pixel|size
1731,flipped|element|top
3321,first|line
3378,bone|weight
4328,if|intflagsx|!=|render|pass|{`
4491,nearest|mip|map|nearest|filter
3320,ensure|writable
2498,temp|bbox
4103,get|loading|or|not|ready
2626,max|ticks
4215,arc
3807,lit|shader
2282,arg
2516,mouse|event
522,typeof
4903,is|legend|inversed
3707,must|pack|depth
2913,scope|w
882,z|far
982,metallic|roughness|texture
4622,region|by|pct
1668,start|row
4119,widths
1079,tex|storage|d
2544,rtl
1916,set|coordinates
1392,meta|scene
1875,call
4044,colorized|object|ids
747,refs
2043,to|geometry
863,model|matrix|col
2722,cursor|tool
4511,is|drawable|tile
2896,scope|y
2923,prefer|web|gl
2920,scope|z
445,y|label|formatters
2815,entire|word
2511,clip|pts
4784,yaxis|font|size
1015,get|text|rects
1193,camera|video
2525,mouse
266,view
4489,create|texture|cant|create|texture|from|src|err|msg
285,get|max|angle
2074,index|axis
2603,skip|shadow|casters
1479,export|svg
1266,replace|colors|with|swatch
1043,handle|click
2281,num|data
3086,initial|column
131,newest
402,namedaction
2808,collapse|label
4689,end|angle
3974,overlay
2372,old|target
1930,shadow|color
1156,quitting|for|update
2287,sync
3794,component|names
707,viewer|container
4633,format|percentage
1782,texture|asset
821,name
4831,lb|width
1473,parameters
632,get|attribute
1040,atomdocktogglebutton
1080,get|internal|format
4564,distance
2838,object|property|node|factory
4452,compress|u|vs
3969,classxeokitcontextmenuitem|style
696,show
1436,remaining|days
2216,get|entity|transform
2786,description
1444,pathsep
2736,caps
4168,meta|object|id
2614,draw|footer
3567,particle|tex|height
1538,rect|dim
3291,update|leading|context
5039,handle|y|crosshair
610,dynamic|draw
612,array|buffer
1539,selection|dragging
4482,linear|mipmap|linear|filter
2247,container|extent
2534,align|start|end
1105,applicationpdf
1331,curr|transition|time
1128,snapshot|width
1129,client|width
382,target
2349,fire|geometry|event
2489,is|object
71,num|verts
788,bar|pad|for|numeric|axis
2656,fcc|pvrtc|bpp|rgb
4580,get|bounding|box
597,symbolize
1561,element|input
3282,did|search|paths
583,reset|mouse|scroll|state
1656,tile|height
1450,**/*
3426,new|screen|lines
3979,geom
1292,add|child
2194,draw|start
4121,line|offset
2220,supported|extensions
3023,set|value|at|key|path
542,slice
3597,existing|injection|marker|index
4688,polar|area
4984,should|not|skip|unit
721,outlineloaded
1204,point|status
399,case
154,canvas
450,item
2878,images
2695,hit|limit
3164,indexed
573,hollow
3801,white|d
3280,matches
436,formatter
3844,dest|array
819,serialize
3721,text|offset
1547,point|type
186,max|int
1707,color|renderer
667,bounds
123,reset
1119,begin|snapshot
433,style
626,a|tex|coord
807,get|application|menu|name
2307,notify|state|changes
4214,fill|state
2417,cubemap
3230,post|effects|enabled
1055,flatten|menu|items
2344,alpha|op
1441,pattern
2377,increment
3636,render|scene|color|map
2759,reset|dom|css|matrix
3760,tbnps
4987,min|millisecond
4733,resized
3827,emissive|encoding
3685,();
1919,off|y
120,zoom|out
2926,uniformtype|vec|array
2393,ignore|altitude
758,rebuild|button
3679,use|morph|texture|based
690,off|x
2486,display
1584,area|light|luts
3352,normal|detail|map
3571,local|space
2029,geos
143,key|function
3565,emitter|shape
4473,get|origin
4567,update|distance
4325,v|color|=|color
3810,use|clear|coat
3615,type|float
1661,end|row
4291,flat|coordss
3130,adjust|vram|size|tracking
3356,add|text|decoration|start
1368,notification|manager
2559,update|shaders
3323,first|inserted|line
2474,path|mapping
4235,get|aabb|center
4957,a|d
2942,ui|component
3709,fs|get|shadow|pass|code
4419,u|texture|per|object|id|colors|and|flags
3445,tmp|vec
2509,c|points
2222,convert|to|extent|d
2234,get|tile|offset
2123,use|final|position
4953,f|c|e
3941,segment|data
393,series|index
2403,map|extent
4053,space|boundaries|visible
4311,billboard
1567,component|system
3416,linenumber|dummy
3198,primitive|type
4762,formatters
3839,phrase
505,positions|base
3995,target|vec
2130,release|context
836,set|auto|hide|window|menu|bar
1859,find|markers
3349,specular|phong
4869,point|for|command
3087,window|for|locations
3395,block|decorations|by|element
2502,alts
3537,insert
3359,decorations
2354,mouseevent|association|table
1014,yaxe
2914,float|vec
2253,create|data|context
4294,feature|uid
4576,common|source|tile|sizes
3882,database
4257,get|extent
2308,create|descriptors
2347,set|priority|cursor
1611,reject
3249,mat|data
4353,clear|rect
1588,scripts
497,verts|base|index
2758,any|d
979,sao
3310,autoscroll
3806,reject|args
4362,view|center
4481,jpg
3927,move
4860,amount
1474,data|layer
1651,current|source
4321,pick|hash
4548,center|src|estim|x
4875,prev|cmd
1009,get|multiple
4533,default|quaternion
2768,create|promise|capability
4115,heights
3776,draw|background
999,drawing|buffer|height
4445,executor|group|instructions
2291,default|material
4429,layer|uid
1553,default|layer|composition
917,bar|width
3041,gl|texture
4139,xyz|object|to|array
4919,candlestick
3770,cookie|channel
3203,primitive|trifan
550,parent|node
3035,tmp|coord
1309,series|totals
4244,update|fill|style
3348,ambient|sh
2867,epsg
4223,sca
1122,snapshot|canvas
86,bar
2946,scale|)
2527,mouseup
4066,bitmap
1559,graphics|device
1346,has|animations
1749,first|visible|row
2298,render|target
240,on|shape|changed
3886,default|view|history|cache|size
1443,globs
559,update|current|tree|item
636,anno|rotating|center
2150,sort|by
4653,html|image|element
3689,ticks|length
4068,center|lat
4856,handle|gradient|fill
4186,meta|objects|by|type
1713,occlusion|renderer
367,delay
3694,align|border|value
3782,y|align
2072,bodystate|disable|simulation
4939,push|extra|colors
2805,ovmap
3145,icon
4742,point|stroke|width
3111,has|fill
243,get|circum
2518,ctrl|key
2668,na|n
4163,object|material
5021,bcx
2192,shared|options
3240,texture|index
5022,bcy
4745,custom|formatter
5019,target|fill
3447,non|uniform|scale
2845,sep
1662,text|decorations
3516,finish|update
809,ser
138,set
1683,contain
2350,ignore|event
3634,build|non|clustered|render|passes
795,column
3402,buffer|rows
3671,pixel|snap
1655,line|nodes|pool
635,x|anno
2181,line|break|x
3466,quad|z
3462,quad|y
2842,is|loading|resource
3486,language|mode|subscription
3081,remaining|paths
860,subscriptions
3022,remove|properties|for|source|and|selector
3767,decl
2213,create|body
3864,point|resolution
3883,database|str
1459,pivot|controller
4268,is|numeric
156,replace|color
4538,source|world|width
346,nearest
4292,vertices|count
4425,render|order
3563,fullscreen|quad|vs
4020,new|segment|data
430,yaxis|label
4412,u|proj|matrix
3265,pending|leading|context
1084,flip|y
3958,item|element
4623,tile|url|function
1090,open|or|download|data
2897,decr
105,zoom|in
180,u|camera|eye|rtc
2218,is|supported
2667,is|null|or|undef
954,scale|select
947,remove|properties|for|source
1583,webkit|hidden
3001,uniform|version
3543,column|range|for|end|delimiter
390,is|not|a|valid|mode|of|draw|tool
639,rotate|x|y
1189,log|range
613,bind|buffer
4210,parts
4942,axis|charts
4559,attributions
1826,cursor
18,sources
655,uv|buf
4444,hit|detection|image|data
1340,time|in|state|before
595,line|opacity
997,normals|texture
4219,squared|tolerance
551,await
3410,decorations|for|row
1884,drop|effect
3458,initial|velocity
3520,half|width|char|width
897,spread|odd|button
1367,views
4705,label|color
3710,supports|depth|shadow
269,uniform|vec|light|pos
2505,gl|res
3574,shader|code|start
1281,opacity|to
3192,index|offset
160,false
1871,cluster|number
688,stroke|dash|array
2399,rotated
1637,parse
5046,yaxis|tooltips
222,stroke
489,show|always
4512,representations|by|z
2105,is|tile|visible
2538,rtl|helper
1658,line|component
4474,reproj|data|tile
3158,half|max|aabb|size
2855,check|and|draw
1744,len|offsets
781,rebuild|incompatible|packages
2941,events|propagation
5055,show|on|intersect
4095,view|hints
1235,block|info
2126,get|elements|at|event|for|mode
90,select
2127,modes
3309,auto|decrease|indent|for|buffer|row
4284,text|stroke|state
619,tex|coords
3505,undo|grouping|interval
2986,has|wait|session
4439,buffered|extent
121,on|zoom|out|click
1408,output
3619,indexformat|uint
4968,#|e|e
2596,sqrt
4154,parse|city|object
73,model
1421,layer|counter
4515,finalize|draw
1044,join
5028,move|tooltip
2696,reduce
304,get|offset|x
2935,constant|color
4451,surface
310,get|offset|y
3644,allowed|locations
2694,pre|loading|count
2165,should|auto|fit|width
1118,params
2687,loading|limit
5009,substr
1864,for|each|tree|with|range
3699,define|vsm|exponent|.
4086,valid|center|p
75,finalized
409,pdf|viewer
3341,refraction|index
3480,selections
62,temp|array
2078,ilen
3284,begin
3730,get|tick|mark|length
4100,pixel|to|coordinate|transform
5066,apexchartsseries|apexchartsheatmap|apexchartsseries|apexchartstreemap
678,on|geometry|add
932,viewer
4791,first|label
2563,update|end
813,series|x
2443,traceid|render|queue
1146,the|editor|is|not|responding|would|you|like|to|force|close|it|or|just|keep|waiting
1582,world
3627,next|render|action
1294,angle
2707,table
4922,y|value|decimal
2853,draw|on|interacting
27,break
3851,current|id
113,change
1127,container|element
744,sidebar|width|var
326,findhighlightallchange
4862,moving|point
1304,series|goals
3964,hide
1453,plan|view
2595,smoothness
4753,date|formatter
541,polygon
4944,default|colors
4197,instruction
1562,lights|buffer
1029,svg|url
1061,mipmaps
4890,draw|gradient
2009,text|max|width
3698,line|value
1498,follow|pointer
2328,end|pixel
2318,paused
1125,bmp
2692,empty|array
119,setup|change|events
4896,collapsed|series
2599,sign
4449,get|render|buffer
2611,footer|spacing
894,request|save
3860,suffix
4230,eye|look|vec|norm
3026,unset
3151,define|property
956,was|localized
961,download
1988,animations|disabled
3322,split
4027,closest|vertex
3372,semantic|position
3403,translate|ytile|toppx
3317,auto|indent|first|line
2945,z|index
4479,texture|transcoder
3657,incoming
1839,get|auto|height
3213,index|base
4286,shared|data
2728,level
3509,update|read|only
4815,is|range|data
1840,scroll|past|end
4378,texture|cubelight|map|geometryworld|normalrgb
606,show|ui|notification
1991,show|line
2406,asset|data
4463,hifi
4902,on|item|click
2139,script|name
2187,attached
484,path|mouse|leave
4410,errors
4434,get|state
2701,parents
2721,hand|tool
400,previous|page
1458,configs
2391,shader
3681,max|uv|sets
3104,line|string|instructions
3989,box
4151,openings|visible
4282,default|stroke|style
3357,text|decoration|boundaries
3555,particle|input|rgba|ps
843,switch
485,total
3660,instance|line
4013,set|pos
74,highlight|material
4910,legend|formatter
2353,old|target|id
570,set|switch|in|progress
845,console
347,zoom|factor
4858,move|towards|fractional
4036,get|result
4732,animate|marker
256,src
3433,line|decoration
535,cross
1102,download|data
4729,marker|config
2356,geomap
4668,radial|size
4430,get|features
2990,sampler|name
830,get|active|config|series|index
2319,start|time
2565,lightmap|size
1126,background|color
4816,two|d|series
3095,batch|constructors
4320,identity|mat
944,scope|selector
3926,handles
2732,dds|pixelformat|size
1054,metadata
1176,heatmap
2284,reset|new|elements
3162,max|aabb|size
2645,pixelformat|pvrtc|bpp|rgb
3067,dev|mode
3460,delta
3318,text|is|auto|indentable
730,edges|selected
2827,object|stack
4109,animate
2675,is|browser|interface
36,scene
1300,has|series|groups
3150,simple|fullscreen
3489,get|marker|layer
3691,chart|area
4288,rings|vertices|counts
206,snap|pick|coordinate|scale
2700,is|parent|tile
4772,elgrid
3430,line|components
1218,style|sheets
3459,wrap|bounds
4528,add|vec
4935,color|types
548,link|element
1120,send|to|plugins
3532,column|for|indent|level
5029,x|axis|ticks|positions
519,transform|and|oct|encode|normals
4872,str
761,viewsettings
1271,stops
1467,conditions
1846,fold|end|regex|for|scope|descriptor
1906,sub
4125,create|text|chunks
4141,z|to|y
3014,primitive
2111,on|model|asset|change
3169,intersects
963,zoomin
3400,editorselection|clipboard
3583,particle|updater|sphere|ps
1813,sum
3156,add|locations|to|open
2195,sync|list
3929,pointermove
1814,current
3007,sampler|value
4497,tile|representation
3301,old|buffer|range
501,world|aabb
1172,hover|over|legend
3748,light|diffuse|lambert|ps
1326,load|json
2313,audio
2929,uniformtype|vec
649,key
4305,specular|material
4692,expand|on|click
2792,placement|center
1212,packages|cache
1573,default|layer|skybox
2314,manager
2734,dds|caps|mipmap
1506,svg
995,texture
3034,my|end
2898,init|options
4553,max|source|extent
3825,is|forward|pass
1720,element|left
2777,element|size
4083,center|lon
1103,is|pdf|data
3581,emitter|extents
3745,d|specular|light
3057,gl|frame|buffer
3991,origin|vec
2880,target|width
4397,declutter|builder|group
2098,projection|view
1890,symbol
1534,vertex
3463,q|local|velocity
2225,tile|zoom
3465,rnd|factor|vec
1867,last|cluster|number
4145,end|point
3837,fit|r
376,dest
2716,particle|tex|start
3564,use|cpu
4915,el|legend
2691,child|keys
4298,multi|line|ends
2927,zero
4350,current|scale
2083,update|index
2492,horizontal
2109,swy
2102,swx
1950,on|did|change|active|pane
589,dynamic
1158,unloading
4513,tile|representation|lookup
1195,jsfeat
3934,circle|geometry
563,request|fullscreen
2770,field|data
1970,coordinate
4649,image|and|src|cannot|be|provided|at|the|same|time
3012,num|instances
46,glow|through
1967,coord|offset
2550,start|index
4867,curve|cmd
3833,query
4453,buckets
4146,field|of|view
772,stderr
4045,bcf|viewpoint
4885,color|stops
5010,t|index
4589,to|user|extent
2244,temp|point
2744,update|container
215,line|join
1558,once
4606,add|alpha
978,viewport|height
2086,child|node
3211,batch|data
499,normals
2151,on|post|update
190,u|world|matrix
1856,set|request|header
2783,desc
3647,pending
3512,update|soft|tabs
1305,category|labels
1921,outline|hash
2387,push|error|scope
1261,get|image|data
1759,get|parent
1465,param
4549,b|src
2413,face|assets
4296,flat|coords
3828,uv|set
3068,window|initialization|script
4531,scheduled|meshes
2458,material|texture
4204,pixel|coordinates
724,normal
2273,atlas|rect
4264,types
3724,line|count
5054,hover|area
459,create|element
4731,initial|anim
1882,last|visible|frame|of|nodes
4088,render|frame
1852,update|window|sheet|offset
2651,fcc|dxt
2011,text|max|height
816,get|series|totals|x|range
1264,main|ctx
2717,color|param
1711,depth|renderer
760,rebuild|statuses
2937,uniformtype|texture|d
3840,fit|b
4132,create|label
3168,draw|order
3818,use|refraction
1078,gl|internal|format
4725,point|stroke|color
1702,texture|per|object|id|offsets
3576,world|bounds
2094,child|scale
3408,mousemove
3569,get|world|transform
4211,origin|y
3764,d|atten|*=|get|light|diffuselit|args|world|normal|d|view|dir|w|d|light|dir|w|d|light|dir|norm|w
4986,seconds
943,suppress|exception
1290,children
4134,justify
674,uv|decode|matrix
4765,ylabels
2750,href
1642,on|set|assets
1301,min|date
4171,theme|ids
3201,batch|num|verts
3704,frontend|decl
5007,is|multiple|y|axis
2342,set|color|blend
5014,goal
4179,meta|model
4447,source|tile|coord
3549,open|scope|ids
780,set|package|status
4222,stroke|state
3502,scroll|sensitivity
4191,baseline
663,pick|colors
4247,multi|point
228,as|color|like
1121,snapshot|finished
4411,u|texture|per|vertex|id|coordinates
4399,world|width
2725,active|before|presentation|mode
3197,type|array|type
3913,make|or|update|undoable
1359,notifications
654,remove|tile
2122,attribute|name
4713,radial|data|labels
397,range
2407,get|type
3648,unfold|buffer|row
429,remove|top|element
1659,rows|per|tile
2741,close|through|caller
2960,flat|coordinates
4240,new|look|eye|vec
4522,next|resolution
1347,interpolated|time
2025,depth|layer
1964,coord
110,feature
4892,series|name
4030,min|squared|distance
1251,assert
4591,source|masks
3971,hit|point|geometry
4852,g|to|color
4643,normalized|anchor
1492,export|to|png
2026,decrement|counter
3996,wp|dirty
4524,covered|by|children
1381,recalc|dimensions|based|on|format
2097,extent|d
2601,d|extent
1377,timescale|labels
2085,update|metasets
1554,push|transparent
2115,use|guid
4446,builder|extent
751,rebuild|failure|outputs
2176,calculated|width
2746,fraction
875,light|attenuation
3600,filter
4067,snapshot|type
3915,img|or|canvas
3829,zoom|args
1778,highlights
4583,band|count
1565,visibility|change|handler
3843,phrase|search
4012,set|culled
5042,is|x|axis|tooltip|enabled
142,elements
941,selectors|and|settings
1675,tile|width
587,polygon|opacity
4162,load|metadata
451,queue
1667,get|rendered|start|row
536,get|vector|marker|points
3009,program|version
1714,get|window|inner|width
709,layers|button
4208,pending|fill
1248,failed|to|preprocess|shader
594,is|spriting
671,color|texture
3209,get|vertex|stream
3268,prepare|globs
1321,city|json|loader
3237,get|spot|direction
3028,pending|operations
1429,remaining|days|of|first|year
4802,range|bar
1589,assets
82,find|field
1924,tag
2629,data|range
3847,current|index
4234,tan
852,scale|y
4635,/|/
567,moz|request|full|screen
855,scale|x
1963,dom|event
4928,hide|y|axis
914,box|plot
3590,grammar|for|language|string
2209,linear|factor
4634,region|x
1591,lightmapper
4613,region|y
3821,use|specular|color
1900,mirror|handle
3050,renderbuffer|storage
3065,paths|to|open
1263,colored|cutout
3088,z|index|key
4128,stroke|instructions
4929,animate|gradually
4636,region|w
2987,files
4616,region|h
3129,downsample|image
2554,virtual|light|index
2002,max|height
2859,read|feature|from|object
3260,position|range
1995,update|elements
2131,instances
3235,add|light|data|shadow|bias
2423,border|opts
2019,animations|index
473,tree|item
1699,max|object|updates|in|frame|without|batched|update
1883,cull|non|visible|nodes
4061,object|ids
1165,ready
3002,draw|arrays
1722,update|overlay|to|render
1245,original|source
2480,title|args
2229,tile|info
634,orientation
1398,eye|curve
4166,meta|object|name
4642,idle
41,xrayed
1236,match
585,prepare|context
861,get|location
877,near|plane|height
458,fragment
4475,get|data
2561,set|realtime|lightmap
2588,get|texture|shader
3620,use|mesh
844,viewport
874,pick|z|far
2210,bodyflag|kinematic|object
2188,responsive
1586,make|tick
2679,placeholder|keys
1687,arguments
4383,uniform|vec|light|color
705,attachments|count
1728,screen|position
